tenista	O
brasileño	O
[[Gustavo_Kuerten]]	3
,	O
actual	O
número	O
dos	O
del	O
mundo	O
,	O
terminó	O
su	O
romance	O
de	O
varios	O
meses	O
con	O
la	O
modelo	O
[[Vanessa_Schultz]]	2
porque	O
ésta	O
decidió	O
posar	O
desnuda	O
para	O
un	O
ensayo	O
de	O
la	O
edición	O
nacional	O
de	O
la	O
revista	O
[[Playboy]]	4
,	O
informa	O
el	O
semanario	O
[[Veja]]	O
en	O
su	O
último	O
número	O
.	O
[BREAK]	O
[[Schultz]]	2
,	O
una	O
escultural	O
jovencita	O
de	O
ojos	O
y	O
cabellos	O
castaños	O
,	O
será	O
la	O
portada	O
de	O
la	O
edición	O
de	O
[[Playboy]]	4
del	O
mes	O
de	O
julio	O
,	O
lo	O
que	O
irritó	O
al	O
tenista	O
,	O
quien	O
ya	O
había	O
manifestado	O
varias	O
veces	O
su	O
rechazo	O
a	O
otras	O
ofertas	O
hechas	O
por	O
la	O
misma	O
publicación	O
a	O
su	O
novia	O
para	O
que	O
mostrase	O
sus	O
atributos	O
al	O
público	O
brasileño	O
.	O
[BREAK]	O
"	O
La	O
revista	O
ya	O
me	O
había	O
invitado	O
antes	O
,	O
pero	O
él	O
(	O
[[Kuerten]]	3
)	O
nunca	O
aceptó	O
"	O
,	O
indicó	O
[[Schultz]]	2
,	O
y	O
agregó	O
que	O
tomó	O
la	O
decisión	O
de	O
salir	O
desnuda	O
en	O
[[Playboy]]	4
porque	O
quiere	O
"	O
brillar	O
por	O
cuenta	O
propia	O
"	O
y	O
no	O
vivir	O
a	O
la	O
sombra	O
de	O
"	O
[[Guga]]	1
"	O
,	O
como	O
se	O
conoce	O
popularmente	O
en	O
[[Brasil]]	O
al	O
tenista	O
.	O
[BREAK]	O
La	O
belleza	O
de	O
la	O
modelo	O
atrajo	O
la	O
atención	O
de	O
los	O
medios	O
de	O
comunicación	O
del	O
mundo	O
la	O
mayoría	O
de	O
las	O
veces	O
que	O
acompañó	O
al	O
tenista	O
en	O
los	O
torneos	O
internacionales	O
que	O
ha	O
disputado	O
.	O
[BREAK]	O
Sin	O
entrar	O
en	O
detalles	O
sobre	O
los	O
escenarios	O
donde	O
mostrará	O
su	O
belleza	O
al	O
natural	O
,	O
[[Schultz]]	2
añadió	O
que	O
"	O
después	O
de	O
ver	O
las	O
fotografías	O
[[Guga]]	1
nunca	O
más	O
va	O
a	O
hablar	O
conmigo	O
"	O
.	O
[BREAK]	O
[[Santander]]	O
,	O
23	O
may	O
(	O
[[EFE]]	O
)	O
<DOC>
del	O
[[Gobierno_de_Cantabria]]	7
y	O
de	O
la	O
[[Diputación_Foral_de_Vizcaya]]	2
se	O
reunirán	O
mañana	O
en	O
[[Bilbao]]	O
para	O
tratar	O
la	O
situación	O
en	O
el	O
litigio	O
territorial	O
que	O
mantienen	O
sobre	O
[[Agüera]]	1
,	O
pueblo	O
fronterizo	O
entre	O
el	O
municipio	O
vasco	O
de	O
[[Trucíos]]	O
y	O
el	O
cántabro	O
de	O
[[Guriezo]]	O
.	O
[BREAK]	O
A	O
esta	O
reunión	O
asistirán	O
los	O
responsables	O
jurídicos	O
de	O
ambas	O
administraciones	O
;	O
el	O
director	O
general	O
de	O
[[Acción_Territorial_de_Vizcaya]]	O
,	O
[[Antón_Kaifer]]	O
;	O
y	O
el	O
director	O
de	O
[[Cooperación_Local_de_Cantabria]]	O
,	O
[[Juan_Manuel_Badolato]]	O
,	O
según	O
formaron	O
hoy	O
a	O
[[Efe]]	O
fuentes	O
del	O
[[Gobierno]]	7
cántabro	O
.	O
[BREAK]	O
Uno	O
de	O
los	O
principales	O
asuntos	O
que	O
se	O
tratará	O
en	O
este	O
encuentro	O
es	O
el	O
compromiso	O
que	O
el	O
pasado	O
25	O
de	O
abril	O
adquirió	O
la	O
[[Diputación_Foral_de_Vizcaya]]	2
de	O
paralizar	O
el	O
proceso	O
de	O
concentración	O
parcelaria	O
en	O
la	O
zona	O
de	O
[[Agüera]]	1
,	O
indicaron	O
las	O
fuentes	O
.	O
[BREAK]	O
El	O
histórico	O
litigio	O
que	O
mantienen	O
[[Vizcaya]]	O
y	O
[[Cantabria]]	O
sobre	O
sus	O
lindes	O
en	O
[[Agüera]]	1
podría	O
concluir	O
a	O
finales	O
de	O
año	O
con	O
una	O
resolución	O
del	O
[[Ministerio_de_Administraciones_Públicas]]	3
.	O
[BREAK]	O
Una	O
modificación	O
de	O
la	O
Ley	O
de	O
Régimen	O
Local	O
otorga	O
la	O
competencia	O
para	O
dirimir	O
divergencias	O
entre	O
comunidades	O
autónomas	O
a	O
ese	O
[[Ministerio]]	O
,	O
que	O
ha	O
informado	O
a	O
la	O
[[Comisión_de_Seguimiento_de_Agüera]]	O
que	O
espera	O
resolver	O
el	O
expediente	O
antes	O
de	O
final	O
de	O
año	O
.	O
[BREAK]	O
La	O
comunidad	O
autónoma	O
que	O
resulte	O
desfavorecida	O
puede	O
presentar	O
un	O
recurso	O
contra	O
la	O
resolución	O
del	O
[[Ministerio_de_Administraciones_Públicas]]	3
<DOC>
sindicato	O
de	O
enfermería	O
[[Satse]]	2
pidió	O
hoy	O
un	O
pacto	O
estatal	O
en	O
sanidad	O
para	O
acabar	O
con	O
el	O
problema	O
de	O
las	O
listas	O
de	O
espera	O
,	O
que	O
en	O
su	O
opinión	O
seguirán	O
existiendo	O
mientas	O
no	O
se	O
resuelva	O
la	O
escasez	O
de	O
personal	O
en	O
las	O
instituciones	O
sanitarias	O
.	O
[BREAK]	O
A	O
través	O
de	O
un	O
comunicado	O
,	O
[[Satse]]	2
señala	O
que	O
"	O
la	O
resolución	O
del	O
drama	O
de	O
las	O
listas	O
de	O
espera	O
pasa	O
por	O
la	O
formación	O
de	O
una	O
mesa	O
de	O
negociación	O
,	O
en	O
la	O
que	O
estén	O
tanto	O
el	O
[[Insalud]]	O
como	O
las	O
[[CCAA]]	O
que	O
tengan	O
transferidas	O
las	O
competencias	O
sanitarias	O
y	O
con	O
los	O
agentes	O
sociales	O
"	O
.	O
[BREAK]	O
Según	O
el	O
secretario	O
general	O
de	O
[[Satse]]	2
,	O
[[José_Alfonso_Martos]]	O
,	O
se	O
está	O
aplicando	O
una	O
política	O
de	O
parches	O
,	O
que	O
no	O
entra	O
en	O
el	O
fondo	O
del	O
problema	O
y	O
que	O
en	O
su	O
opinión	O
debería	O
contar	O
con	O
la	O
mejora	O
de	O
la	O
planificación	O
de	O
los	O
recursos	O
disponibles	O
en	O
toda	O
la	O
red	O
.	O
[BREAK]	O
El	O
sindicato	O
considera	O
que	O
se	O
están	O
utilizando	O
mal	O
los	O
recursos	O
y	O
que	O
deberían	O
establecerse	O
los	O
turnos	O
de	O
tarde	O
en	O
los	O
quirófanos	O
.	O
[BREAK]	O
También	O
hace	O
un	O
llamamiento	O
a	O
la	O
nueva	O
titular	O
de	O
Sanidad	O
,	O
[[Celia_Villalobos]]	O
,	O
para	O
que	O
solucione	O
el	O
problema	O
de	O
la	O
escasez	O
de	O
profesionales	O
sanitarios	O
,	O
que	O
en	O
el	O
caso	O
de	O
la	O
enfermería	O
cifran	O
en	O
100.000	O
puestos	O
.	O
[BREAK]	O
Recuerdan	O
que	O
la	O
[[Organización_Mundial_de_la_Salud]]	4
(	O
[[OMS]]	4
)	O
aconseja	O
1	O
enfermera	O
por	O
cada	O
140	O
habitantes	O
,	O
mientras	O
que	O
en	O
[[España]]	1
hay	O
1	O
por	O
cada	O
226	O
.	O
[BREAK]	O
A	O
su	O
juicio	O
,	O
otros	O
de	O
los	O
objetivos	O
que	O
debe	O
plantearse	O
el	O
[[Gobierno]]	O
es	O
el	O
incremento	O
del	O
presupuesto	O
destinado	O
a	O
sanidad	O
,	O
de	O
forma	O
que	O
se	O
equipare	O
con	O
la	O
media	O
europea	O
,	O
que	O
en	O
muchos	O
casos	O
supera	O
el	O
9%	O
del	O
PIB	O
,	O
mientas	O
que	O
en	O
[[España]]	1
es	O
del	O
6%	O
.	O
[BREAK]	O
[[Sevilla]]	O
,	O
23	O
may	O
(	O
[[EFE]]	O
)	O
<DOC>
grupo	O
alemán	O
[[Bertelsmann]]	1
,	O
empresa	O
editorial	O
y	O
de	O
medios	O
de	O
comunicación	O
,	O
ha	O
llegado	O
a	O
un	O
acuerdo	O
"	O
en	O
el	O
marco	O
de	O
su	O
reciente	O
alianza	O
"	O
con	O
[[Telefónica]]	2
para	O
adquirir	O
cerca	O
del	O
11%	O
de	O
[[Antena-3_Televisión]]	3
,	O
informó	O
hoy	O
en	O
una	O
nota	O
el	O
[[Grupo_Telefónica]]	4
.	O
[BREAK]	O
El	O
acuerdo	O
,	O
que	O
se	O
formalizará	O
en	O
los	O
próximos	O
días	O
,	O
supone	O
que	O
el	O
presidente	O
y	O
consejero	O
delegado	O
de	O
[[Bertelsmann]]	1
,	O
[[Thomas_Middelhoff]]	O
,	O
será	O
nombrado	O
consejero	O
y	O
vicepresidente	O
de	O
[[Antena-3_Televisión]]	3
.	O
[BREAK]	O
Con	O
esta	O
incorporación	O
al	O
capital	O
de	O
[[Antena-3]]	5
"	O
se	O
refuerza	O
aún	O
más	O
el	O
liderazgo	O
de	O
esta	O
cadena	O
de	O
televisión	O
,	O
manteniendo	O
el	O
[[Grupo_Telefónica]]	4
el	O
control	O
de	O
la	O
misma	O
"	O
,	O
señala	O
el	O
comunicado	O
.	O
[BREAK]	O
El	O
actual	O
director	O
general	O
de	O
Relaciones	O
Institucionales,	O
Comunicación,	O
Márketing.	O
Publicidad	O
de	O
[[Telefónica]]	2
,	O
[[Miguel_García-Durán]]	O
,	O
se	O
incorporará	O
a	O
[[Antena-3]]	5
como	O
consejero	O
y	O
vicepresidente	O
,	O
labor	O
que	O
simultaneará	O
con	O
sus	O
actual	O
trabajo	O
.	O
[BREAK]	O
[[Telefónica]]	2
indica	O
en	O
su	O
comunicado	O
que	O
[[Bertelsmann]]	1
,	O
que	O
opera	O
en	O
54	O
países	O
y	O
emplea	O
a	O
cerca	O
de	O
65.000	O
personas	O
,	O
abarca	O
la	O
edición	O
de	O
prensa	O
,	O
libros	O
y	O
música	O
,	O
y	O
tiene	O
intereses	O
en	O
la	O
televisión	O
,	O
radio	O
,	O
cine	O
,	O
servicios	O
multimedia	O
y	O
comercio	O
a	O
través	O
de	O
Internet	O
.	O
[BREAK]	O
[[Antena_3]]	5
,	O
donde	O
[[Telefónica]]	2
tiene	O
la	O
mayoría	O
del	O
capital	O
,	O
obtuvo	O
en	O
1999	O
un	O
beneficio	O
neto	O
de	O
21.000	O
millones	O
de	O
pesetas	O
,	O
un	O
incremento	O
del	O
59,5%	O
sobre	O
el	O
ejercicio	O
anterior	O
,	O
añade	O
la	O
citada	O
nota	O
.	O
[BREAK]	O
[[Albacete]]	O
,	O
23	O
may	O
(	O
[[EFE]]	O
)	O
<DOC>
secretario	O
de	O
Comunicación	O
de	O
[[Unió_Democrática_de_Cataluña]]	4
(	O
[[UDC]]	4
)	O
,	O
[[Jordi_Casas]]	1
,	O
manifestó	O
hoy	O
que	O
la	O
propuesta	O
del	O
portavoz	O
del	O
[[Gobierno]]	O
catalán	O
,	O
[[Artur_Mas]]	2
,	O
para	O
que	O
[[CDC]]	5
y	O
[[UDC]]	4
se	O
fusionen	O
constituye	O
una	O
estrategia	O
que	O
supone	O
"	O
un	O
gran	O
error	O
que	O
pone	O
en	O
crisis	O
la	O
coalición	O
"	O
.	O
[BREAK]	O
[[Artur_Mas]]	2
,	O
que	O
se	O
perfila	O
como	O
el	O
próximo	O
secretario	O
general	O
de	O
[[Convergencia]]	O
,	O
aseguró	O
ayer	O
que	O
su	O
intención	O
es	O
conseguir	O
la	O
fusión	O
entre	O
[[CDC]]	5
y	O
[[UDC]]	4
para	O
que	O
se	O
eviten	O
discusiones	O
sobre	O
a	O
qué	O
partido	O
debe	O
pertenecer	O
el	O
sucesor	O
de	O
[[Jordi_Pujol]]	O
al	O
frente	O
de	O
la	O
coalición	O
[[CiU]]	6
.	O
[BREAK]	O
En	O
el	O
acto	O
de	O
entrega	O
de	O
una	O
distinción	O
que	O
el	O
gobierno	O
de	O
[[Chile]]	7
ha	O
concedido	O
al	O
dirigente	O
democristiano	O
[[Josep_Antoni_Duran._Lleida]]	3
,	O
[[Jordi_Casas]]	1
consideró	O
que	O
debe	O
darse	O
"	O
una	O
rectificación	O
de	O
la	O
estrategia	O
"	O
por	O
parte	O
de	O
[[CDC]]	5
.	O
[BREAK]	O
El	O
portavoz	O
democristiano	O
abogó	O
por	O
que	O
se	O
enmarque	O
en	O
los	O
congresos	O
"	O
y	O
no	O
en	O
un	O
debate	O
público	O
a	O
través	O
de	O
los	O
medios	O
de	O
comunicación	O
"	O
la	O
reformulación	O
política	O
de	O
la	O
coalición	O
.	O
[BREAK]	O
"	O
Tal.	O
como	O
habíamos	O
pactado	O
los	O
dos	O
partidos	O
,	O
debe	O
discutirse	O
en	O
los	O
Congresos	O
de	O
los	O
partidos	O
.	O
[BREAK]	O
La	O
última	O
palabra	O
la	O
tienen	O
los	O
militantes	O
"	O
,	O
insistió	O
[[Casas]]	1
.	O
[BREAK]	O
Según	O
el	O
portavoz	O
de	O
[[Unió]]	4
,	O
su	O
partido	O
quiere	O
reforzar	O
la	O
coalición	O
y	O
no	O
responderá	O
a	O
las	O
declaraciones	O
de	O
[[Mas]]	2
con	O
una	O
estrategia	O
paralela	O
"	O
porque	O
eso	O
situaría	O
la	O
crisis	O
en	O
el	O
gobierno	O
catalán	O
"	O
.	O
[BREAK]	O
El	O
consejero	O
de	O
Gobernación	O
y	O
líder	O
de	O
[[UDC]]	4
,	O
[[Josep_Antoni_Duran._Lleida]]	3
,	O
recibió	O
esta	O
mañana	O
por	O
parte	O
del	O
gobierno	O
chileno	O
la	O
"	O
Orden	O
Bernardo	O
O'Higgins	O
"	O
,	O
en	O
reconocimiento	O
a	O
su	O
labor	O
de	O
cooperación	O
y	O
entendimiento	O
con	O
[[Chile]]	7
.	O
[BREAK]	O
[[Duran._Lleida]]	3
no	O
quiso	O
hacer	O
manifestaciones	O
sobre	O
el	O
tema	O
alegando	O
que	O
"	O
el	O
mejor	O
servicio	O
público	O
que	O
le	O
puedo	O
hacer	O
a	O
[[CiU]]	6
y	O
al	O
futuro	O
del	O
gobierno	O
de	O
[[Cataluña]]	O
es	O
no	O
hacer	O
declaraciones	O
"	O
.	O
[BREAK]	O
[[Sarajevo]]	O
,	O
23	O
may	O
(	O
[[EFE]]	O
)	O
<DOC>
[[Mesa_del_Parlamento]]	1
vasco	O
ha	O
aprobado	O
hoy	O
acceder	O
a	O
la	O
solicitud	O
del	O
[[Consejo_Social]]	6
de	O
la	O
[[Universidad_del_País_vasco]]	O
para	O
celebrar	O
el	O
próximo	O
uno	O
de	O
junio	O
en	O
la	O
sede	O
de	O
la	O
[[Cámara]]	2
la	O
ceremonia	O
formal	O
mediante	O
la	O
que	O
se	O
conmemorará	O
el	O
décimo	O
aniversario	O
del	O
nacimiento	O
de	O
este	O
órgano	O
consultivo	O
.	O
[BREAK]	O
El	O
acto	O
se	O
une	O
a	O
los	O
aniversarios	O
del	O
[[Ararteko]]	3
y	O
del	O
[[Tribunal_de_Cuentas]]	4
celebrados	O
ya	O
durante	O
este	O
ejercicio	O
y	O
se	O
vincula	O
también	O
a	O
la	O
lista	O
de	O
actividades	O
ligadas	O
a	O
la	O
celebración	O
del	O
vigésimo	O
aniversario	O
de	O
la	O
[[Cámara]]	2
.	O
[BREAK]	O
Aunque	O
la	O
Ley	O
mediante	O
la	O
que	O
se	O
creaba	O
este	O
órgano	O
data	O
de	O
1.985	O
problemas	O
para	O
completar	O
las	O
mayorías	O
previstas	O
impidieron	O
que	O
el	O
[[Consejo]]	6
comenzase	O
a	O
funcionar	O
hasta	O
el	O
17	O
de	O
noviembre	O
de	O
1.989	O
.	O
[BREAK]	O
Por	O
otra	O
parte	O
la	O
[[Mesa_del_Parlamento]]	1
ha	O
recibido	O
la	O
certificación	O
de	O
la	O
[[Comisión_de_Economía]]	O
en	O
la	O
que	O
se	O
han	O
fijado	O
los	O
criterios	O
de	O
trabajo	O
para	O
el	O
[[Tribunal_de_Cuentas]]	4
en	O
este	O
ejercicio	O
.	O
[BREAK]	O
La	O
fiscalización	O
de	O
ocho	O
ayuntamientos	O
y	O
una	O
diputación	O
encabeza	O
una	O
lista	O
que	O
hace	O
especial	O
hincapié	O
en	O
la	O
gestión	O
de	O
las	O
herramientas	O
de	O
política	O
industrial	O
del	O
[[Gobierno]]	O
y	O
de	O
algunas	O
de	O
sus	O
sociedades	O
públicas	O
.	O
[BREAK]	O
La	O
[[Mesa]]	O
ha	O
recibido	O
también	O
el	O
informe	O
del	O
[[Ararteko]]	3
sobre	O
la	O
Proposición	O
para	O
reformar	O
la	O
Ley	O
que	O
regula	O
esta	O
figura	O
,	O
presentada	O
por	O
las	O
[[Juntas_Generales_de_Bizkaia]]	O
y	O
ha	O
recibido	O
una	O
invitación	O
formal	O
de	O
la	O
[[Mesa_de_Baleares]]	O
para	O
visitar	O
el	O
[[Parlamento]]	O
de	O
aquella	O
comunidad	O
.	O
[BREAK]	O
[[Sevilla]]	O
,	O
23	O
may	O
(	O
[[EFE]]	O
)	O
<DOC>
diputado	O
general	O
de	O
[[Alava]]	2
,	O
[[Ramón_Rabanera]]	1
(	O
[[PP]]	3
)	O
,	O
responsabilizó	O
hoy	O
al	O
[[PNV]]	4
de	O
los	O
presuntos	O
perjuicios	O
que	O
hayan	O
podido	O
ocasionar	O
en	O
la	O
[[Caja_Vital]]	5
las	O
operaciones	O
que	O
ésta	O
mantuvo	O
desde	O
hace	O
varios	O
años	O
con	O
el	O
promotor	O
inmobiliario	O
,	O
[[José_Antonio_Gordo]]	O
,	O
y	O
que	O
la	O
entidad	O
investiga	O
en	O
estos	O
momentos	O
.	O
[BREAK]	O
Desde	O
hace	O
varios	O
días	O
diversos	O
medios	O
de	O
comunicación	O
han	O
revelado	O
que	O
la	O
entidad	O
de	O
ahorro	O
alavesa	O
ha	O
tenido	O
durante	O
los	O
últimos	O
años	O
un	O
posible	O
quebranto	O
económico	O
debido	O
a	O
operaciones	O
realizadas	O
con	O
el	O
promotor	O
y	O
presidente	O
de	O
la	O
[[Cooperativa_Vitoriana_de_la_Vivienda]]	O
,	O
y	O
con	O
algunos	O
de	O
sus	O
socios	O
.	O
[BREAK]	O
Durante	O
el	O
tiempo	O
en	O
el	O
que	O
supuestamente	O
sucedieron	O
esos	O
hechos	O
la	O
[[Caja_Vital]]	5
estuvo	O
presidida	O
por	O
el	O
[[PNV]]	4
.	O
[BREAK]	O
Desde	O
las	O
elecciones	O
celebradas	O
el	O
pasado	O
mes	O
de	O
marzo	O
,	O
la	O
preside	O
[[Pascual_Jover]]	O
,	O
candidato	O
de	O
la	O
plataforma	O
integrada	O
por	O
[[PP]]	3
,	O
[[PSE-EE]]	O
y	O
[[UA]]	O
.	O
[BREAK]	O
A	O
pesar	O
de	O
que	O
la	O
[[Caja_Vital]]	5
continúa	O
investigando	O
lo	O
sucedido	O
,	O
[[Rabanera]]	1
aseguró	O
hoy	O
que	O
"	O
si	O
esas	O
denuncias	O
que	O
han	O
salido	O
en	O
algunos	O
medios	O
son	O
ciertas	O
,	O
el	O
gran	O
responsable	O
de	O
todo	O
esto	O
es	O
el	O
[[PNV]]	4
porque	O
ha	O
estado	O
monopolizando	O
el	O
[[Gobierno_de_la_Caja]]	O
en	O
estos	O
últimos	O
veinte	O
años	O
"	O
.	O
[BREAK]	O
El	O
diputado	O
general	O
de	O
[[Alava]]	2
mostró	O
su	O
"	O
preocupación	O
"	O
por	O
las	O
denuncias	O
de	O
irregularidades	O
desveladas	O
en	O
los	O
últimos	O
días	O
,	O
y	O
reiteró	O
que	O
la	O
formación	O
jeltzale	O
"	O
es	O
responsable	O
,	O
entre	O
otras	O
cosas	O
,	O
porque	O
no	O
ha	O
dejado	O
entrar	O
a	O
otros	O
para	O
que	O
pudieran	O
enterarse	O
de	O
las	O
posibles	O
maniobras	O
que	O
han	O
ocurrido	O
dentro	O
,	O
si	O
ha	O
habido	O
esas	O
maniobras	O
"	O
.	O
[BREAK]	O
[[Rabanera]]	1
dijo	O
que	O
"	O
no	O
me	O
extraña	O
nada	O
que	O
el	O
[[PNV]]	4
hiciera	O
de	O
la	O
[[Caja_Vital]]	5
una	O
especie	O
de	O
fuerte	O
amurallado	O
donde	O
los	O
demás	O
partidos	O
o	O
personas	O
independientes	O
no	O
pudieran	O
entrar	O
"	O
,	O
por	O
lo	O
que	O
alabó	O
el	O
cambió	O
de	O
la	O
presidencia	O
que	O
está	O
permitiendo	O
,	O
a	O
su	O
juicio	O
,	O
que	O
"	O
haya	O
mayor	O
transparencia	O
y	O
se	O
empiecen	O
a	O
conocer	O
cosas	O
extrañas	O
ocurridas	O
"	O
.	O
[BREAK]	O
Finalmente	O
,	O
añadió	O
que	O
la	O
[[Diputación]]	O
"	O
dejará	O
que	O
actúe	O
la	O
comisión	O
de	O
investigación	O
"	O
para	O
que	O
se	O
aclaren	O
los	O
hechos	O
<DOC>
vicepresidente	O
primero	O
del	O
[[Gobierno]]	O
,	O
[[Mariano_Rajoy]]	1
,	O
aseguró	O
hoy	O
que	O
el	O
[[Ejecutivo]]	2
prepara	O
reformas	O
estructurales	O
para	O
fortalecer	O
la	O
libre	O
competencia	O
y	O
confió	O
en	O
que	O
el	O
[[Tribunal_de_Defensa_de_la_Competencia]]	O
determine	O
si	O
existe	O
algún	O
tipo	O
de	O
acuerdo	O
entre	O
las	O
petroleras	O
españolas	O
.	O
[BREAK]	O
Preguntado	O
por	O
la	O
posibilidad	O
de	O
que	O
[[Cepsa]]	O
y	O
[[Repsol]]	O
tengan	O
un	O
acuerdo	O
para	O
determinar	O
los	O
precios	O
de	O
los	O
carburantes	O
,	O
[[Mariano_Rajoy]]	1
señaló	O
-	O
al	O
término	O
de	O
su	O
comparecencia	O
en	O
el	O
[[Congreso]]	O
ante	O
la	O
comisión	O
Constitucional	O
-	O
que	O
"	O
eso	O
tendrán	O
que	O
decirlo	O
los	O
organismos	O
y	O
el	O
tribunal	O
de	O
[[Defensa_de_la_Competencia]]	O
,	O
y	O
espero	O
que	O
lo	O
hagan	O
"	O
.	O
[BREAK]	O
El	O
vicepresidente	O
primero	O
y	O
ministro	O
de	O
la	O
[[Presidencia]]	O
aseguró	O
que	O
el	O
[[Ejecutivo]]	2
planteará	O
"	O
algunas	O
reformas	O
estructurales	O
"	O
para	O
garantizar	O
la	O
libre	O
competencia	O
que	O
se	O
darán	O
a	O
conocer	O
el	O
próximo	O
mes	O
de	O
junio	O
.	O
[BREAK]	O
[[Rajoy]]	1
se	O
refería	O
así	O
al	O
anuncio	O
de	O
que	O
la	O
[[Comisión_Europea]]	O
investigará	O
el	O
posible	O
acuerdo	O
de	O
las	O
petroleras	O
en	O
[[España]]	O
para	O
elevar	O
los	O
precios	O
de	O
las	O
gasolinas	O
<DOC>
revista	O
literaria	O
y	O
de	O
arte	O
"	O
[[Correspondencia]]	1
"	O
de	O
[[Mérida]]	O
ha	O
dedicado	O
su	O
cuarto	O
número	O
a	O
"	O
la	O
poesía	O
visual	O
"	O
y	O
recoge	O
obras	O
de	O
14	O
artistas	O
extremeños	O
,	O
informó	O
hoy	O
su	O
editor	O
y	O
coordinador	O
,	O
[[Manuel_Díaz_Pérez]]	2
.	O
[BREAK]	O
Según	O
[[Díaz_Pérez]]	2
,	O
también	O
responsable	O
de	O
la	O
librería	O
emeritense	O
"	O
Punto	O
Aparte	O
"	O
,	O
se	O
ha	O
tratado	O
de	O
publicar	O
un	O
monográfico	O
sobre	O
este	O
tipo	O
de	O
creación	O
artística	O
,	O
que	O
combina	O
numerosos	O
factores	O
plásticos	O
con	O
el	O
objetivo	O
de	O
crear	O
elementos	O
poéticos	O
,	O
mediante	O
la	O
inserción	O
de	O
obras	O
de	O
"	O
los	O
creadores	O
más	O
representativos	O
de	O
[[Extremadura]]	O
"	O
.	O
[BREAK]	O
Los	O
artistas	O
incluidos	O
en	O
este	O
número	O
de	O
"	O
[[Correspondencia]]	1
"	O
son	O
,	O
además	O
del	O
propio	O
[[Manuel_Díaz]]	2
,	O
[[Marisa_de_Llanos]]	O
,	O
[[Hilario_Bravo]]	O
,	O
[[Antonio_Gómez]]	O
,	O
[[Lourdes_Murillo]]	O
,	O
[[Elias_Moro]]	O
,	O
[[Isidro_Ortiz]]	O
,	O
[[Rosa_Lencero]]	O
,	O
[[Rodolfo_Franco]]	O
,	O
[[José_Cáceres]]	O
,	O
[[Pilar_Fernández]]	O
,	O
"	O
[[Corpá]]	O
"	O
,	O
[[Joaquín_Gómez]]	O
y	O
[[Calderón_Paredes]]	O
.	O
[BREAK]	O
Como	O
ejemplo	O
de	O
esta	O
plasticidad	O
poética	O
,	O
figuran	O
títulos	O
como	O
"	O
Ideograma	O
de	O
las	O
Espigas	O
"	O
,	O
"	O
5	O
de	O
Arrobas	O
"	O
y	O
"	O
Definiciones	O
al	O
Margen	O
"	O
<DOC>
presidente	O
de	O
[[Venezuela]]	O
,	O
[[Hugo_Chávez]]	2
,	O
dijo	O
hoy	O
que	O
es	O
una	O
"	O
extravagancia	O
electoral	O
"	O
la	O
petición	O
de	O
asilo	O
formulada	O
por	O
su	O
ex	O
compañero	O
de	O
armas	O
[[Luis_Pineda]]	1
en	O
la	O
[[Embajada_de_Brasil]]	O
.	O
[BREAK]	O
[[Pineda]]	1
,	O
ex	O
comandante	O
del	O
[[Ejército]]	O
y	O
ex	O
jefe	O
de	O
investigaciones	O
de	O
la	O
policía	O
de	O
seguridad	O
del	O
[[Estado]]	O
(	O
[[DISIP]]	3
)	O
,	O
estuvo	O
encargado	O
de	O
la	O
seguridad	O
de	O
[[Chávez]]	2
cuando	O
era	O
candidato	O
presidencial	O
y	O
pasó	O
a	O
la	O
oposición	O
junto	O
a	O
su	O
superior	O
en	O
la	O
[[DISIP]]	3
,	O
el	O
también	O
ex	O
comandante	O
[[Jesús_Urdaneta]]	O
.	O
[BREAK]	O
Aunque	O
[[Pineda]]	1
efectuó	O
la	O
solicitud	O
de	O
asilo	O
el	O
lunes	O
,	O
representantes	O
de	O
la	O
embajada	O
brasileña	O
consultados	O
por	O
[[EFE]]	4
negaron	O
el	O
hecho	O
y	O
dijeron	O
no	O
estar	O
al	O
tanto	O
del	O
problema	O
.	O
[BREAK]	O
[[Chávez]]	2
,	O
entrevistado	O
por	O
[[Radio_Caracas_Televisión]]	O
,	O
consideró	O
curioso	O
que	O
[[Luis_Pineda]]	1
solicite	O
el	O
asilo	O
cinco	O
días	O
antes	O
de	O
las	O
elecciones	O
generales	O
del	O
28	O
de	O
mayo	O
,	O
sobre	O
todo	O
cuando	O
es	O
público	O
que	O
apoya	O
a	O
su	O
principal	O
rival	O
,	O
el	O
también	O
ex	O
comandante	O
[[Francisco_Arias]]	O
.	O
[BREAK]	O
[[Pineda]]	1
explicó	O
que	O
había	O
tomado	O
la	O
decisión	O
de	O
acudir	O
a	O
la	O
sede	O
diplomática	O
brasileña	O
después	O
de	O
haber	O
sido	O
asaltado	O
el	O
domingo	O
por	O
presuntos	O
miembros	O
de	O
la	O
[[DISIP]]	3
,	O
dijo	O
temer	O
por	O
su	O
vida	O
y	O
aseguró	O
ser	O
un	O
perseguido	O
político	O
del	O
gobierno	O
debido	O
a	O
los	O
informes	O
que	O
levantó	O
sobre	O
actos	O
de	O
corrupción	O
de	O
altos	O
dirigentes	O
del	O
régimen	O
.	O
[BREAK]	O
"	O
Aquí	O
no	O
se	O
persigue	O
a	O
nadie	O
y	O
si	O
algún	O
venezolano	O
se	O
siente	O
acosado	O
debe	O
ir	O
a	O
denunciar	O
el	O
caso	O
ante	O
la	O
[[Fiscalía]]	O
.	O
[BREAK]	O
Lo	O
de	O
[[Pineda]]	O
me	O
parece	O
algo	O
extravagante	O
"	O
,	O
declaró	O
[[Chávez]]	2
.	O
[BREAK]	O
Los	O
medios	O
de	O
comunicación	O
más	O
adversos	O
al	O
gobernante	O
califican	O
a	O
[[Pineda]]	1
como	O
"	O
el	O
primer	O
asilado	O
de	O
[[Chávez]]	2
"	O
.	O
[BREAK]	O
[[Sevilla]]	O
,	O
23	O
may	O
(	O
[[EFE]]	4
)	O
<DOC>
(	O
[[Australia]]	3
)	O
,	O
25	O
may	O
(	O
[[EFE]]	6
)	O
.	O
[BREAK]	O
-	O
[BREAK]	O
El	O
[[Abogado_General_del_Estado]]	1
,	O
[[Daryl_Williams]]	O
,	O
subrayó	O
hoy	O
la	O
necesidad	O
de	O
tomar	O
medidas	O
para	O
proteger	O
al	O
sistema	O
judicial	O
australiano	O
frente	O
a	O
una	O
página	O
de	O
internet	O
que	O
imposibilita	O
el	O
cumplimiento	O
de	O
los	O
principios	O
básicos	O
de	O
la	O
Ley	O
.	O
[BREAK]	O
La	O
petición	O
del	O
[[Abogado_General]]	1
tiene	O
lugar	O
después	O
de	O
que	O
un	O
juez	O
del	O
[[Tribunal_Supremo]]	O
del	O
estado	O
de	O
[[Victoria]]	4
(	O
[[Australia]]	3
)	O
se	O
viera	O
forzado	O
a	O
disolver	O
un	O
jurado	O
popular	O
y	O
suspender	O
el	O
proceso	O
ante	O
el	O
argumento	O
de	O
la	O
defensa	O
de	O
que	O
las	O
personas	O
que	O
lo	O
componían	O
podían	O
haber	O
obtenido	O
información	O
sobre	O
el	O
acusado	O
a	O
través	O
de	O
la	O
página	O
CrimeNet	O
.	O
[BREAK]	O
Esta	O
página	O
web	O
lleva	O
un	O
mes	O
de	O
existencia	O
,	O
tiempo	O
en	O
el	O
que	O
ha	O
sido	O
visitada	O
en	O
más	O
de	O
un	O
millón	O
de	O
ocasiones	O
,	O
y	O
facilita	O
información	O
sobre	O
miles	O
de	O
crímenes	O
y	O
criminales	O
ya	O
enjuiciados	O
o	O
aún	O
perseguidos	O
,	O
datos	O
que	O
salen	O
de	O
artículos	O
de	O
periódicos	O
y	O
archivos	O
judiciales	O
.	O
[BREAK]	O
Por	O
su	O
parte	O
,	O
el	O
[[Abogado_General]]	1
de	O
[[Victoria]]	4
,	O
[[Rob_Hulls]]	2
,	O
indicó	O
que	O
no	O
hay	O
nadie	O
que	O
controle	O
que	O
las	O
informaciones	O
contenidas	O
en	O
CrimeNet	O
son	O
veraces	O
.	O
[BREAK]	O
[[Hulls]]	2
señaló	O
que	O
en	O
el	O
sistema	O
jurídico	O
de	O
la	O
[[Commonwealth]]	O
,	O
en	O
el	O
que	O
se	O
basa	O
la	O
justicia	O
australiana	O
,	O
es	O
fundamental	O
que	O
la	O
persona	O
sea	O
juzgada	O
únicamente	O
teniendo	O
en	O
cuenta	O
las	O
pruebas	O
presentadas	O
ante	O
el	O
juez	O
.	O
[BREAK]	O
La	O
citada	O
página	O
de	O
internet	O
se	O
considera	O
también	O
la	O
causa	O
de	O
la	O
conclusión	O
prematura	O
en	O
un	O
caso	O
de	O
asesinato	O
juzgado	O
recientemente	O
en	O
la	O
ciudad	O
de	O
[[Melbourne]]	O
,	O
capital	O
del	O
estado	O
de	O
[[Victoria]]	4
.	O
[BREAK]	O
[[Santander]]	5
,	O
25	O
may	O
(	O
[[EFE]]	6
)	O
.	O
[BREAK]	O
-	O
[BREAK]	O
[[Izquierda_Unida_de_Santander]]	7
presentó	O
hoy	O
su	O
nuevo	O
boletín	O
trimestral	O
"	O
Ciudad	O
"	O
,	O
una	O
publicación	O
de	O
la	O
que	O
se	O
distribuirán	O
10.000	O
ejemplares	O
preferentemente	O
en	O
los	O
barrios	O
del	O
municipio	O
donde	O
la	O
colación	O
cuenta	O
con	O
mayor	O
respaldo	O
ciudadano	O
.	O
[BREAK]	O
El	O
portavoz	O
del	O
[[Consejo_Político_Municipal_de_IU]]	O
en	O
[[Santander]]	5
,	O
[[Ernesto_Gómez_de_la_Hera]]	8
,	O
explicó	O
hoy	O
en	O
conferencia	O
de	O
prensa	O
que	O
este	O
boletín	O
persigue	O
,	O
más	O
que	O
informar	O
,	O
abrir	O
espacios	O
de	O
debate	O
y	O
servir	O
como	O
"	O
semilla	O
de	O
movilización	O
política	O
"	O
en	O
la	O
ciudad	O
.	O
[BREAK]	O
[[Gómez_de_la_Hera]]	8
comentó	O
que	O
los	O
contenidos	O
de	O
la	O
publicación	O
"	O
Ciudad	O
"	O
responden	O
al	O
programa	O
que	O
él	O
encabezó	O
como	O
candidato	O
en	O
las	O
elecciones	O
municipales	O
de	O
1999	O
,	O
en	O
las	O
que	O
[[IU]]	7
perdió	O
su	O
representación	O
en	O
el	O
[[Ayuntamiento]]	O
,	O
y	O
confió	O
en	O
que	O
su	O
difusión	O
sea	O
más	O
amplia	O
una	O
vez	O
que	O
la	O
coalición	O
resuelva	O
su	O
crisis	O
económica	O
.	O
[BREAK]	O
Por	O
el	O
momento	O
,	O
"	O
Ciudad	O
"	O
será	O
repartida	O
de	O
forma	O
preferencial	O
en	O
los	O
barrios	O
con	O
más	O
electores	O
de	O
[[IU]]	7
,	O
entre	O
los	O
que	O
el	O
portavoz	O
municipal	O
de	O
la	O
coalición	O
citó	O
la	O
ladera	O
norte	O
de	O
la	O
[[calle_Alta]]	O
,	O
[[Cazoña]]	O
y	O
la	O
zona	O
comprendida	O
entre	O
las	O
calles	O
[[Castilla]]	O
y	O
[[Hermida]]	O
.	O
[BREAK]	O
"	O
Ciudad	O
"	O
,	O
un	O
boletín	O
compuesto	O
por	O
dos	O
folios	O
plegados	O
por	O
la	O
mitad	O
,	O
sale	O
a	O
la	O
calle	O
en	O
su	O
primer	O
número	O
criticando	O
las	O
obras	O
de	O
construcción	O
de	O
los	O
aparcamientos	O
subterráneos	O
,	O
las	O
molestias	O
que	O
están	O
causando	O
a	O
los	O
vecinos	O
y	O
el	O
modo	O
en	O
que	O
se	O
explotarán	O
<DOC>
venezolano	O
[[Oscar_Azócar]]	2
,	O
primera	O
base	O
del	O
club	O
[[Guerreros_de_Oaxaca]]	4
,	O
fue	O
elegido	O
el	O
extranjero	O
de	O
la	O
semana	O
en	O
la	O
Liga	O
Mexicana	O
de	O
Béisbol	O
,	O
por	O
su	O
rendimiento	O
de	O
13	O
hits	O
en	O
25	O
veces	O
al	O
bate	O
,	O
con	O
porcentaje	O
de	O
.520	O
.	O
[BREAK]	O
[[Azócar]]	2
,	O
con	O
experiencia	O
en	O
Ligas	O
Mayores	O
,	O
amaneció	O
hoy	O
como	O
sublíder	O
de	O
bateo	O
con	O
promedio	O
de	O
.418	O
,	O
y	O
de	O
puntero	O
en	O
hits	O
con	O
71	O
.	O
[BREAK]	O
El	O
miércoles	O
pasado	O
,	O
[[Azócar]]	2
pegó	O
un	O
cuadrangular	O
en	O
el	O
juego	O
que	O
perdió	O
[[Oaxaca]]	4
por	O
14-9	O
ante	O
[[Puebla]]	O
;	O
y	O
al	O
día	O
siguiente	O
,	O
conectó	O
dos	O
cuadrangulares	O
,	O
aunque	O
su	O
club	O
volvió	O
a	O
perder	O
,	O
14-12	O
.	O
[BREAK]	O
Ante	O
[[Córdoba]]	O
,	O
el	O
sábado	O
,	O
el	O
venezolano	O
ligó	O
su	O
cuarto	O
batazo	O
de	O
la	O
máxima	O
dimensión	O
en	O
la	O
semana	O
,	O
en	O
la	O
victoria	O
de	O
los	O
[[Guerreros]]	4
,	O
14-4	O
.	O
[BREAK]	O
Se	O
ratificó	O
como	O
una	O
de	O
las	O
claves	O
ofensivas	O
del	O
equipo	O
,	O
que	O
cuenta	O
con	O
otros	O
extranjeros	O
de	O
calidad	O
como	O
el	O
canadiense	O
[[Aaron_Guiel]]	O
y	O
el	O
dominicano	O
[[Roberto_mejía]]	5
,	O
que	O
está	O
lesionado	O
.	O
[BREAK]	O
Entre	O
los	O
10	O
mejores	O
bateadores	O
después	O
de	O
13	O
subseries	O
,	O
hay	O
siete	O
extranjeros	O
.	O
[BREAK]	O
Después	O
del	O
mexicano	O
[[Noe_Muñoz]]	O
,	O
de	O
[[Saltillo]]	O
,	O
puntero	O
con	O
.422	O
,	O
están	O
[[Azócar]]	2
,	O
en	O
segundo	O
sitio	O
;	O
[[Mejía]]	5
,	O
en	O
tercero	O
con	O
promedio	O
de	O
.398	O
,	O
y	O
los	O
estadounidenses	O
[[Warren_Newson]]	O
,	O
quinto	O
con	O
.394	O
,	O
y	O
[[Cory_Powell]]	3
,	O
sexto	O
con	O
.383	O
.	O
[BREAK]	O
En	O
los	O
lugares	O
del	O
octavo	O
al	O
décimo	O
aparecen	O
el	O
venezolano	O
[[Pedro_Castellano]]	1
con	O
.372	O
,	O
el	O
estadounidense	O
[[Bryant_Nelson]]	O
con	O
.370	O
y	O
el	O
dominicano	O
[[Epy_Guerrero]]	O
.368	O
.	O
[BREAK]	O
[[Roberto_Zambrano]]	O
,	O
venezolano	O
del	O
club	O
de	O
[[Cancún]]	O
,	O
es	O
líder	O
en	O
jonrones	O
con	O
17	O
,	O
uno	O
más	O
que	O
el	O
puertorriqueño	O
[[Boi_Rodríguez]]	O
,	O
de	O
[[Monclova]]	O
.	O
[BREAK]	O
En	O
carreras	O
impulsadas	O
el	O
mexicano	O
[[José_Luis_Sandoval]]	O
,	O
de	O
[[Diablos]]	O
,	O
va	O
de	O
primero	O
con	O
53	O
,	O
seguido	O
de	O
[[Powell]]	3
que	O
lleva	O
51	O
.	O
[BREAK]	O
[[Cory_Powell]]	3
,	O
de	O
[[Diablos_Rojos]]	O
,	O
va	O
de	O
líder	O
en	O
anotadas	O
con	O
44	O
,	O
una	O
más	O
que	O
[[Pedro_Castellano]]	1
,	O
del	O
mismo	O
equipo	O
.	O
[BREAK]	O
Entre	O
los	O
lanzadores	O
,	O
el	O
mejor	O
es	O
el	O
mexicano	O
[[Miguel_Rubio]]	O
,	O
con	O
una	O
efectividad	O
de	O
1.08	O
carreras	O
limpias	O
permitidas	O
por	O
partido	O
<DOC>
presidente	O
del	O
[[Grupo_Popular]]	O
en	O
el	O
[[Ayuntamiento_de_Barcelona]]	9
,	O
[[Santiago_Fisas]]	2
,	O
ha	O
acusado	O
al	O
segundo	O
teniente	O
de	O
alcalde	O
y	O
concejal	O
de	O
Hacienda	O
,	O
[[Ernest_Maragall]]	1
,	O
de	O
"	O
victimismo	O
para	O
tapar	O
sus	O
errores	O
"	O
en	O
respuesta	O
a	O
las	O
declaraciones	O
efectuadas	O
ayer	O
por	O
el	O
edil	O
.	O
[BREAK]	O
[[Maragall]]	1
recordó	O
ayer	O
que	O
las	O
inversiones	O
del	O
[[Estado]]	6
en	O
infraestructuras	O
de	O
transportes	O
en	O
[[Barcelona]]	3
y	O
el	O
[[Cataluña]]	4
tienen	O
un	O
déficit	O
de	O
medio	O
billón	O
de	O
pesetas	O
en	O
el	O
periodo	O
1991-98	O
en	O
comparación	O
con	O
lo	O
destinado	O
a	O
[[Madrid]]	5
y	O
al	O
resto	O
de	O
[[España]]	O
.	O
[BREAK]	O
[[Fisas]]	2
ha	O
recordado	O
que	O
la	O
proporción	O
de	O
inversión	O
económica	O
en	O
las	O
infraestructuras	O
en	O
transporte	O
público	O
es	O
de	O
una	O
tercera	O
parte	O
por	O
lo	O
que	O
respecta	O
al	O
[[Estado]]	6
y	O
dos	O
terceras	O
partes	O
a	O
cargo	O
de	O
la	O
[[Comunidad_Autónoma]]	O
y	O
que	O
,	O
en	O
el	O
caso	O
de	O
[[Madrid]]	5
,	O
el	O
gobierno	O
autonómico	O
ha	O
efectuado	O
una	O
inversión	O
mucho	O
mayor	O
en	O
su	O
territorio	O
que	O
la	O
[[Generalitat_de_Cataluña]]	O
.	O
[BREAK]	O
Además	O
,	O
[[Fisas]]	2
ha	O
recordado	O
que	O
[[Barcelona]]	3
es	O
la	O
ciudad	O
con	O
la	O
fiscalidad	O
municipal	O
más	O
alta	O
del	O
[[Estado]]	6
y	O
en	O
la	O
que	O
no	O
se	O
corresponden	O
los	O
impuestos	O
que	O
pagan	O
los	O
ciudadanos	O
con	O
las	O
inversiones	O
municipales	O
.	O
[BREAK]	O
[[Santiago_Fisas]]	2
ha	O
opinado	O
que	O
"	O
a	O
pesar	O
de	O
que	O
las	O
comparaciones	O
de	O
las	O
inversiones	O
realizadas	O
por	O
el	O
[[Estado]]	6
nunca	O
se	O
contemplaron	O
durante	O
el	O
gobierno	O
socialista	O
,	O
en	O
este	O
momento	O
,	O
y	O
con	O
un	O
gobierno	O
del	O
[[PP]]	O
,	O
son	O
claramente	O
positivas	O
y	O
demuestran	O
que	O
ni	O
[[Cataluña]]	4
ni	O
[[Barcelona]]	3
han	O
sido	O
discriminadas	O
"	O
.	O
[BREAK]	O
El	O
presidente	O
del	O
grupo	O
municipal	O
popular	O
en	O
el	O
[[Ayuntamiento]]	9
ha	O
acusado	O
a	O
[[Convergencia._Unió]]	8
de	O
ser	O
el	O
responsable	O
de	O
la	O
falta	O
de	O
inversiones	O
en	O
[[Cataluña]]	4
cuando	O
el	O
[[Gobierno]]	O
estaba	O
regido	O
por	O
el	O
[[PSOE]]	O
en	O
coalición	O
con	O
[[CiU]]	8
.	O
[BREAK]	O
[[Roma]]	O
,	O
23	O
may	O
(	O
[[EFE]]	O
)	O
<DOC>
goleador	O
de	O
la	O
selección	O
argentina	O
en	O
el	O
mundial	O
de	O
fútbol	O
de	O
1978	O
,	O
[[Mario_Alberto_Kempes]]	1
,	O
está	O
cerca	O
de	O
convertirse	O
en	O
el	O
técnico	O
de	O
un	O
club	O
costarricense	O
,	O
el	O
[[Santa_Bárbara]]	3
,	O
que	O
en	O
la	O
recién	O
concluida	O
temporada	O
quedó	O
a	O
media	O
tabla	O
entre	O
los	O
doce	O
equipos	O
que	O
participaron	O
en	O
el	O
torneo	O
.	O
[BREAK]	O
El	O
gerente	O
deportivo	O
del	O
club	O
,	O
[[Víctor_Badilla]]	O
,	O
afirmó	O
que	O
"	O
todo	O
quedó	O
finiquitado	O
"	O
con	O
el	O
ex	O
astro	O
argentino	O
,	O
tras	O
una	O
conversación	O
ayer	O
,	O
tras	O
la	O
cual	O
el	O
técnico	O
confirmó	O
su	O
deseo	O
de	O
venir	O
a	O
[[Costa_Rica]]	4
.	O
[BREAK]	O
El	O
presidente	O
de	O
[[Santa_Bárbara]]	3
,	O
[[Orlando_Morales]]	2
,	O
afirmó	O
que	O
puede	O
"	O
dar	O
por	O
un	O
hecho	O
"	O
la	O
incorporación	O
de	O
[[Kempes]]	1
,	O
de	O
46	O
años	O
,	O
y	O
añadió	O
que	O
sólo	O
falta	O
un	O
acuerdo	O
con	O
un	O
patrocinador	O
del	O
club	O
,	O
empresa	O
que	O
lo	O
está	O
contratando	O
.	O
[BREAK]	O
"	O
Creo	O
que	O
[[Kempes]]	1
es	O
lo	O
más	O
conveniente	O
por	O
la	O
popularidad	O
que	O
él	O
puede	O
generar	O
en	O
la	O
comunidad	O
y	O
el	O
equipo	O
de	O
[[Santa_Bárbara]]	3
"	O
,	O
apuntó	O
[[Morales]]	2
luego	O
de	O
anunciar	O
cambios	O
para	O
contar	O
con	O
un	O
equipo	O
más	O
competitivo	O
en	O
la	O
próxima	O
temporada	O
.	O
[BREAK]	O
El	O
equipo	O
costarricense	O
viajará	O
el	O
5	O
de	O
junio	O
a	O
[[Argentina]]	O
,	O
donde	O
realizará	O
un	O
periodo	O
de	O
pretemporada	O
,	O
previo	O
al	O
próximo	O
campeonato	O
en	O
[[Costa_Rica]]	4
,	O
de	O
47	O
días	O
que	O
incluye	O
pruebas	O
de	O
laboratorio	O
y	O
partidos	O
de	O
fogueo	O
,	O
informa	O
hoy	O
el	O
diario	O
"	O
[[La_República]]	O
"	O
de	O
[[San_José]]	5
.	O
[BREAK]	O
[[Santa_Bárbara]]	3
es	O
un	O
modesto	O
equipo	O
de	O
[[Costa_Rica]]	4
,	O
que	O
ascendió	O
hace	O
pocos	O
años	O
a	O
primera	O
división	O
.	O
[BREAK]	O
Tiene	O
su	O
sede	O
en	O
la	O
comunidad	O
de	O
[[Santa_Bárbara]]	3
,	O
en	O
la	O
provincia	O
de	O
[[Heredia]]	O
,	O
a	O
unos	O
25	O
kilómetros	O
al	O
noroeste	O
de	O
[[San_José]]	5
,	O
una	O
zona	O
que	O
se	O
destaca	O
por	O
la	O
producción	O
de	O
café	O
de	O
alta	O
calidad	O
y	O
la	O
ganadería	O
de	O
leche	O
.	O
[BREAK]	O
[[Zaragoza]]	O
,	O
23	O
may	O
(	O
[[EFE]]	O
)	O
<DOC>
afrontará	O
el	O
encuentro	O
del	O
próximo	O
domingo	O
contra	O
el	O
[[Sporting]]	2
en	O
[[Gijón]]	1
como	O
si	O
se	O
tratase	O
de	O
una	O
final	O
,	O
ya	O
que	O
cuenta	O
con	O
opciones	O
de	O
lograr	O
el	O
ascenso	O
de	O
forma	O
matemática	O
si	O
gana	O
y	O
le	O
favorecen	O
otros	O
resultados	O
,	O
y	O
dada	O
la	O
importancia	O
del	O
choque	O
la	O
directiva	O
fletará	O
trenes	O
y	O
autobuses	O
para	O
que	O
el	O
equipo	O
cuente	O
con	O
el	O
apoyo	O
de	O
miles	O
de	O
aficionados	O
.	O
[BREAK]	O
La	O
directiva	O
navarra	O
llegó	O
a	O
un	O
acuerdo	O
con	O
[[RENFE]]	O
para	O
fletar	O
gratuitamente	O
a	O
los	O
socios	O
osasunistas	O
cuatro	O
trenes	O
con	O
capacidad	O
para	O
1.770	O
plazas	O
,	O
ampliables	O
a	O
2.200	O
,	O
mientras	O
que	O
los	O
no	O
socios	O
deberán	O
pagar	O
4.500	O
pesetas	O
por	O
el	O
desplazamiento	O
.	O
[BREAK]	O
[[Osasuna]]	3
,	O
que	O
de	O
momento	O
ha	O
solicitado	O
al	O
[[Sporting]]	2
2.000	O
entradas	O
,	O
pagará	O
también	O
el	O
viaje	O
a	O
los	O
socios	O
que	O
quieran	O
desplazarse	O
en	O
autobús	O
,	O
un	O
vía	O
que	O
también	O
están	O
organizando	O
varias	O
peñas	O
"	O
rojillas	O
"	O
por	O
su	O
cuenta	O
.	O
[BREAK]	O
La	O
intención	O
de	O
la	O
directiva	O
navarra	O
es	O
que	O
el	O
equipo	O
esté	O
arropado	O
por	O
miles	O
de	O
aficionados	O
el	O
domingo	O
en	O
el	O
día	O
en	O
el	O
que	O
puede	O
conseguir	O
el	O
retorno	O
a	O
Primera	O
División	O
,	O
tras	O
seis	O
años	O
,	O
de	O
forma	O
matemática	O
,	O
siempre	O
que	O
gane	O
y	O
le	O
favorezcan	O
terceros	O
resultados	O
.	O
[BREAK]	O
[[Osasuna]]	3
se	O
aseguraría	O
el	O
ascenso	O
si	O
suma	O
cuatro	O
puntos	O
en	O
estas	O
dos	O
últimas	O
jornadas	O
(	O
ante	O
el	O
[[Sporting]]	2
y	O
el	O
[[Recreativo]]	O
)	O
,	O
pero	O
también	O
podría	O
cantar	O
el	O
alirón	O
en	O
[[Gijón]]	1
si	O
consigue	O
los	O
tres	O
puntos	O
y	O
no	O
ganan	O
ni	O
el	O
[[Salamanca]]	4
ni	O
otro	O
de	O
los	O
dos	O
equipos	O
con	O
60	O
puntos	O
:	O
[[Lleida]]	5
y	O
[[Extremadura]]	6
.	O
[BREAK]	O
De	O
este	O
modo	O
,	O
[[Osasuna]]	3
se	O
beneficiaría	O
de	O
un	O
empate	O
simple	O
a	O
66	O
puntos	O
con	O
el	O
[[Lleida]]	5
o	O
el	O
[[Extremadura]]	6
al	O
superarlos	O
en	O
"	O
gol-average	O
"	O
particular	O
,	O
mientras	O
que	O
el	O
conjunto	O
navarro	O
sale	O
perjudicado	O
en	O
el	O
caso	O
de	O
un	O
cuádruple	O
empate	O
y	O
sólo	O
le	O
vale	O
el	O
triple	O
empate	O
con	O
el	O
[[Extremadura]]	6
y	O
el	O
[[Salamanca]]	4
.	O
[BREAK]	O
El	O
conjunto	O
de	O
[[Miguel_Angel_Lotina]]	O
tiene	O
igualado	O
el	O
coeficiente	O
particular	O
con	O
el	O
[[Salamanca]]	4
,	O
aunque	O
le	O
supera	O
en	O
cinco	O
goles	O
en	O
el	O
general	O
,	O
por	O
lo	O
que	O
un	O
hipotético	O
empate	O
simple	O
entre	O
ambos	O
al	O
final	O
de	O
temporada	O
beneficiaría	O
probablemente	O
a	O
los	O
navarros	O
.	O
[BREAK]	O
[[Ibiza]]	O
,	O
23	O
may	O
(	O
[[EFE]]	O
)	O
<DOC>
casi	O
cincuenta	O
años	O
,	O
[[Clara_Aparicio]]	1
,	O
viuda	O
de	O
[[Juan_Rulfo]]	2
,	O
ha	O
guardado	O
las	O
cartas	O
de	O
amor	O
que	O
el	O
mítico	O
escritor	O
mexicano	O
le	O
envió	O
.	O
[BREAK]	O
Ahora	O
,	O
estos	O
íntimos	O
documentos	O
salen	O
a	O
la	O
luz	O
para	O
desvelar	O
algunos	O
de	O
los	O
misterios	O
y	O
silencios	O
que	O
aún	O
rodean	O
al	O
autor	O
de	O
"	O
Pedro	O
Páramo	O
"	O
.	O
[BREAK]	O
Catorce	O
años	O
después	O
de	O
su	O
muerte	O
,	O
[[Clara_Aparicio]]	1
,	O
ha	O
viajado	O
a	O
[[Madrid]]	O
para	O
presentar	O
mañana	O
"	O
Aire	O
de	O
las	O
colinas	O
"	O
,	O
el	O
título	O
del	O
libro	O
que	O
reúne	O
81	O
cartas	O
que	O
[[Rulfo]]	2
le	O
envió	O
entre	O
1944.	O
1950	O
.	O
[BREAK]	O
Y	O
lo	O
hace	O
,	O
según	O
explica	O
en	O
una	O
entrevista	O
con	O
[[EFE]]	O
,	O
entre	O
temerosa	O
porque	O
"	O
voy	O
a	O
ocupar	O
el	O
lugar	O
de	O
[[Juan]]	2
"	O
,	O
satisfecha	O
de	O
que	O
estos	O
textos	O
"	O
tomen	O
vida	O
y	O
no	O
los	O
borre	O
el	O
tiempo	O
"	O
y	O
muy	O
nerviosa	O
.	O
[BREAK]	O
Pero	O
,	O
sobre	O
todo	O
,	O
segura	O
de	O
que	O
a	O
[[Juan_Rulfo]]	2
,	O
un	O
autor	O
que	O
publicó	O
tan	O
poco	O
y	O
tiró	O
tanto	O
,	O
"	O
le	O
hubiera	O
dado	O
gusto	O
,	O
porque	O
estas	O
cartas	O
lo	O
defenderán	O
y	O
esclarecerán	O
muchas	O
de	O
las	O
mentiras	O
que	O
se	O
han	O
dicho	O
sobre	O
él	O
,	O
como	O
que	O
fue	O
un	O
escritor	O
que	O
se	O
hizo	O
en	O
dos	O
años	O
o	O
que	O
no	O
sabía	O
escribir	O
.	O
[BREAK]	O
Cosas	O
que	O
le	O
hicieron	O
sufrir	O
mucho	O
"	O
.	O
[BREAK]	O
[[Juan_Rulfo]]	2
se	O
enamoró	O
de	O
un	O
auténtico	O
flechazo	O
de	O
[[Clara_Aparicio]]	1
cuando	O
ella	O
tenía	O
trece	O
años	O
y	O
él	O
diez	O
más	O
.	O
[BREAK]	O
"	O
Un	O
hombre	O
con	O
tanta	O
cultura	O
y	O
que	O
hablaba	O
tan	O
bonito	O
la	O
hacía	O
a	O
una	O
caer	O
rendida	O
"	O
,	O
recordaba	O
hoy	O
su	O
viuda	O
,	O
de	O
71	O
años	O
.	O
[BREAK]	O
Las	O
cartas	O
comienzan	O
en	O
1944	O
cuando	O
él	O
se	O
marchó	O
de	O
[[Guadalajara]]	O
a	O
la	O
capital	O
mexicana	O
para	O
trabajar	O
en	O
una	O
empresa	O
de	O
neumáticos	O
y	O
ya	O
había	O
cumplido	O
el	O
plazo	O
de	O
tres	O
años	O
que	O
[[Clara]]	1
le	O
había	O
impuesto	O
para	O
que	O
empezaran	O
a	O
considerarse	O
novios	O
,	O
y	O
se	O
desarrollan	O
hasta	O
dos	O
años	O
después	O
de	O
que	O
se	O
casaran	O
,	O
casi	O
mientras	O
escribía	O
el	O
libro	O
de	O
relatos	O
"	O
Llano	O
en	O
Llamas	O
"	O
(	O
1953	O
)	O
y	O
su	O
novela	O
corta	O
"	O
Pedro	O
Páramo	O
"	O
(	O
1955	O
)	O
<DOC>
delegación	O
en	O
[[Cádiz]]	2
de	O
la	O
[[Consejería_de_Asuntos_Sociales]]	3
renovó	O
hoy	O
el	O
concierto	O
de	O
plazas	O
de	O
los	O
tres	O
centros	O
que	O
gestiona	O
en	O
[[Cádiz]]	2
la	O
Asociación	O
de	O
disminuidos	O
psíquicos	O
[[Afanas]]	4
por	O
un	O
importe	O
de	O
100	O
millones	O
de	O
pesetas	O
.	O
[BREAK]	O
La	O
delegada	O
en	O
[[Cádiz]]	2
de	O
la	O
[[Consejería_de_Asuntos_Sociales]]	3
,	O
[[Prudencia_Rebollo]]	1
,	O
explicó	O
en	O
rueda	O
de	O
prensa	O
que	O
el	O
centro	O
ocupacional	O
,	O
el	O
centro	O
de	O
día	O
y	O
la	O
residencia	O
de	O
adultos	O
de	O
[[Afanas]]	4
cumplen	O
los	O
requisitos	O
legales	O
establecidos	O
para	O
renovar	O
el	O
concierto	O
.	O
[BREAK]	O
[[Rebollo]]	1
aseguró	O
que	O
la	O
asociación	O
ha	O
cumplido	O
en	O
el	O
concierto	O
anterior	O
los	O
requisitos	O
de	O
asistencia	O
a	O
los	O
disminuidos	O
por	O
los	O
que	O
fueron	O
concertadas	O
las	O
plazas	O
y	O
declaró	O
que	O
"	O
lo	O
importante	O
era	O
la	O
atención	O
de	O
los	O
niños	O
independientemente	O
de	O
los	O
problemas	O
de	O
la	O
entidad	O
"	O
.	O
[BREAK]	O
[[Afanas]]	4
se	O
vio	O
inmersa	O
a	O
finales	O
del	O
año	O
pasado.	O
principios	O
de	O
este	O
en	O
una	O
polémica	O
pendiente	O
de	O
resolución	O
judicial	O
pues	O
tres	O
ex	O
directivos	O
fueron	O
imputados	O
en	O
diligencias	O
judiciales	O
de	O
falsedad	O
en	O
documento	O
mercantil	O
,	O
estafa	O
,	O
apropiación	O
indebida	O
,	O
malversación	O
de	O
caudales	O
públicos	O
y	O
un	O
delito	O
contra	O
[[Hacienda]]	O
,	O
debido	O
al	O
supuesto	O
uso	O
irregular	O
que	O
se	O
hacía	O
de	O
los	O
fondos	O
de	O
la	O
entidad	O
.	O
[BREAK]	O
Además	O
de	O
con	O
[[Afanas]]	4
,	O
[[Asuntos_Sociales]]	O
ha	O
renovado	O
los	O
conciertos	O
con	O
otros	O
centros	O
de	O
atención	O
a	O
mayores	O
o	O
de	O
atención	O
a	O
minusválidos	O
de	O
la	O
provincia	O
por	O
importe	O
de	O
1.272	O
millones	O
de	O
pesetas	O
.	O
[BREAK]	O
En	O
total	O
están	O
concertadas	O
con	O
estos	O
centros	O
1.135	O
plazas	O
para	O
personas	O
con	O
minusvalías	O
y	O
307	O
para	O
personas	O
mayores	O
que	O
necesitan	O
ser	O
asistidas	O
.	O
[BREAK]	O
[[París]]	O
,	O
23	O
may	O
(	O
[[EFE]]	O
)	O
<DOC>
de	O
la	O
[[Vera]]	5
(	O
[[Cáceres]]	2
)	O
.	O
[BREAK]	O
-	O
[BREAK]	O
El	O
[[Instituto_Histórico_"_Hoffmeyer_"]]	O
acogerá	O
la	O
inauguración	O
y	O
primera	O
sesión	O
del	O
Congreso	O
de	O
Historia	O
Moderna	O
"	O
Carlos.	O
y	O
el	O
fin	O
de	O
una	O
época.	O
1500-1558	O
"	O
,	O
que	O
se	O
enmarca	O
en	O
los	O
actos	O
conmemorativos	O
del	O
V	O
Centenario	O
del	O
nacimiento	O
del	O
emperador	O
.	O
[BREAK]	O
Agenda	O
informativa	O
:	O
-	O
10:00	O
h.	O
-	O
[[Mérida]]	3
.	O
[BREAK]	O
-	O
[BREAK]	O
El	O
presidente	O
de	O
la	O
[[Junta_de_Extremadura]]	O
,	O
[[Juan_Carlos_Rodríguez_Ibarra]]	O
,	O
recibirá	O
en	O
la	O
sede	O
de	O
la	O
[[Presidencia_del_Gobierno]]	O
extremeño	O
a	O
familiares	O
de	O
varios	O
de	O
los	O
condenados	O
por	O
el	O
proceso	O
"	O
Lasa-Zabala	O
"	O
.	O
[BREAK]	O
10:00	O
h.	O
-	O
[[Mérida]]	3
.	O
[BREAK]	O
-	O
[BREAK]	O
El	O
consejero	O
de	O
Economía,	O
Industria.	O
Comercio	O
,	O
[[Manuel_Amigo]]	O
,	O
y	O
los	O
presidentes	O
de	O
[[Caja_Extremadura]]	O
y	O
[[Caja_Badajoz]]	O
,	O
[[Jesús_Medina]]	O
y	O
[[José_Manuel_Sánchez_Rojas]]	O
,	O
respectivamente	O
,	O
suscribirán	O
un	O
convenio	O
de	O
colaboración	O
.	O
[BREAK]	O
10:00	O
h.	O
-	O
[[Jaraíz_de_la_Vera]]	5
(	O
[[Cáceres]]	2
)	O
.	O
[BREAK]	O
-	O
[BREAK]	O
Comenzará	O
el	O
Congreso	O
"	O
Carlos.	O
y	O
el	O
fin	O
de	O
una	O
época.	O
1500-1558	O
"	O
.	O
[BREAK]	O
10:00	O
h.	O
-	O
[[Mérida]]	3
.	O
[BREAK]	O
-	O
[BREAK]	O
El	O
consejero	O
de	O
Vivienda,	O
Urbanismo.	O
Transportes	O
,	O
[[Javier_Corominas]]	O
,	O
entregará	O
94	O
viviendas	O
de	O
régimen	O
especial	O
construidas	O
por	O
el	O
[[Grupo_"_Magenta_"]]	O
en	O
"	O
[[La_Corchera]]	O
"	O
.	O
[BREAK]	O
10:30	O
h.	O
-	O
[[Plasencia]]	O
(	O
[[Cáceres]]	2
)	O
.	O
[BREAK]	O
-	O
[BREAK]	O
El	O
alcalde	O
,	O
[[José_Luis_Díez]]	O
,	O
hablará	O
sobre	O
diversas	O
cuestiones	O
de	O
interés	O
municipal	O
.	O
[BREAK]	O
11:00	O
h.	O
-	O
[[Mérida]]	3
.	O
[BREAK]	O
-	O
[BREAK]	O
Se	O
celebrará	O
una	O
sesión	O
del	O
Pleno	O
de	O
la	O
Asamblea	O
de	O
Extremadura	O
.	O
[BREAK]	O
12:00	O
h.	O
-	O
[[Montijo]]	O
(	O
[[Badajoz]]	4
)	O
.	O
[BREAK]	O
-	O
[BREAK]	O
El	O
consejero	O
de	O
Cultura	O
,	O
[[Francisco_Muñoz]]	1
,	O
inaugurará	O
la	O
IV	O
Feria	O
del	O
Libro	O
local	O
.	O
[BREAK]	O
12:00	O
h.	O
-	O
[[Azuaga]]	O
(	O
[[Badajoz]]	4
)	O
.	O
[BREAK]	O
-	O
[BREAK]	O
Inauguración	O
de	O
la	O
XIX	O
Feria	O
de	O
Muestras	O
de	O
la	O
Campiña	O
Sur	O
de	O
Extremadura	O
(	O
FECSUR	O
)	O
.	O
[BREAK]	O
12:30	O
h.	O
-	O
[[Mérida]]	3
.	O
[BREAK]	O
-	O
[BREAK]	O
El	O
[[Pleno_del_Ayuntamiento]]	O
debatirá	O
cuestiones	O
como	O
la	O
recalificación	O
de	O
terrenos	O
aledaños	O
al	O
[[Colegio_"_Salesianos_"]]	O
.	O
[BREAK]	O
20:30	O
h.	O
-	O
[[Cáceres]]	2
.	O
[BREAK]	O
-	O
[BREAK]	O
El	O
consejero	O
de	O
Cultura	O
,	O
[[Francisco_Muñoz]]	1
,	O
asistirá	O
a	O
la	O
presentación	O
del	O
libro	O
"	O
Seres.	O
Estrellas	O
"	O
,	O
que	O
analiza	O
los	O
orígenes	O
del	O
Universo	O
,	O
y	O
de	O
los	O
datos	O
sobre	O
el	O
proyecto	O
de	O
investigación	O
"	O
Los	O
Primeros	O
Pobladores	O
de	O
Extremadura	O
"	O
<DOC>
,	O
25	O
may	O
(	O
[[EFE]]	6
)	O
.	O
[BREAK]	O
-	O
[BREAK]	O
El	O
[[Museo_de_Arte]]	O
en	O
vidrio	O
de	O
[[Alcorcón]]	O
acoge	O
desde	O
hoy	O
hasta	O
el	O
próximo	O
28	O
de	O
junio	O
una	O
exposición	O
de	O
esculturas	O
en	O
vidrio	O
del	O
artista	O
rumano	O
[[Edward_Leibovtiz]]	1
,	O
compuesta	O
por	O
35	O
piezas	O
de	O
diferentes	O
formatos	O
y	O
cuyo	O
tamaño	O
oscila	O
entre	O
los	O
40	O
centímetros	O
y	O
los	O
2	O
metros	O
de	O
algunas	O
de	O
las	O
figuras	O
.	O
[BREAK]	O
Las	O
piezas	O
de	O
esta	O
muestra	O
,	O
organizada	O
por	O
la	O
[[Concejalía_de_Cultura]]	O
,	O
tienen	O
un	O
carácter	O
figurativo	O
y	O
en	O
ellas	O
se	O
aprecian	O
caras	O
,	O
cuerpos	O
y	O
distintas	O
fantasías	O
,	O
mostrando	O
incluso	O
aspectos	O
eróticos	O
.	O
[BREAK]	O
[[Edward_Leibovitz]]	1
,	O
que	O
reside	O
en	O
[[Bélgica]]	2
en	O
la	O
actualidad	O
,	O
ha	O
expuesto	O
en	O
sus	O
30	O
años	O
de	O
trabajo	O
como	O
escultor	O
de	O
vidrio	O
contemporáneo	O
en	O
numerosos	O
museos	O
europeos	O
,	O
americanos	O
y	O
asiáticos	O
de	O
países	O
como	O
[[Japón]]	O
,	O
[[Alemania]]	O
,	O
[[Francia]]	O
,	O
[[Bélgica]]	2
o	O
[[Israel]]	3
.	O
[BREAK]	O
Los	O
asistentes	O
a	O
la	O
muestra	O
,	O
que	O
se	O
inaugurará	O
esta	O
tarde	O
,	O
podrán	O
disfrutar	O
de	O
las	O
distintas	O
obras	O
de	O
[[Leibovitz]]	1
,	O
quien	O
señala	O
que	O
"	O
me	O
gusta	O
trabajar	O
la	O
composición	O
de	O
la	O
pieza	O
y	O
trato	O
de	O
transmitir	O
la	O
fantasía	O
de	O
la	O
vida	O
con	O
un	O
aspecto	O
absurdo	O
"	O
.	O
[BREAK]	O
A	O
la	O
inauguración	O
,	O
prevista	O
a	O
las	O
20	O
horas	O
,	O
asistirá	O
el	O
artista	O
y	O
el	O
concejal	O
de	O
Cultura	O
,	O
[[Francisco_Torres]]	O
,	O
desde	O
cuya	O
Concejalía	O
se	O
ha	O
cursado	O
invitación	O
a	O
los	O
embajadores	O
de	O
[[Bélgica]]	2
,	O
[[Israel]]	3
y	O
[[Rumanía]]	O
,	O
consulados	O
que	O
según	O
fuentes	O
municipales	O
han	O
confirmado	O
su	O
presencia	O
a	O
través	O
de	O
distintos	O
representantes	O
.	O
[BREAK]	O
[[Madrid]]	O
,	O
25	O
may	O
(	O
[[EFECOM]]	6
)	O
<DOC>
Paradójicamente	O
,	O
tuvo	O
que	O
ceder	O
el	O
terreno	O
a	O
su	O
principal	O
enemigo	O
,	O
el	O
grupo	O
chiíta	O
[[Hizbulá]]	1
(	O
[[Partido_de_Dios]]	1
)	O
,	O
que	O
desde	O
la	O
segunda	O
invasión	O
israelí	O
del	O
[[Líbano]]	O
,	O
en	O
1982	O
,	O
encabezaba	O
a	O
las	O
organizaciones	O
guerrilleras	O
que	O
combatían	O
la	O
ocupación	O
.	O
[BREAK]	O
[[Hizbulá]]	1
,	O
apoyado	O
por	O
[[Beirut]]	2
,	O
[[Damasco]]	5
y	O
[[Teherán]]	O
,	O
tomó	O
el	O
control	O
del	O
sur	O
liberado	O
en	O
ausencia	O
de	O
la	O
[[ONU]]	3
,	O
que	O
todavía	O
no	O
ha	O
definido	O
la	O
misión	O
que	O
confiará	O
a	O
sus	O
"	O
cascos	O
azules	O
"	O
,	O
cuyos	O
efectivos	O
quiere	O
aumentar	O
de	O
4.500	O
a	O
7.935	O
.	O
[BREAK]	O
Aunque	O
[[Beirut]]	2
considera	O
que	O
la	O
retirada	O
israelí	O
es	O
incompleta	O
,	O
porque	O
no	O
incluyó	O
las	O
controvertidas	O
granjas	O
de	O
[[Chebaa]]	O
,	O
en	O
la	O
frontera	O
con	O
[[Siria]]	O
,	O
y	O
la	O
liberación	O
de	O
unos	O
20	O
libaneses	O
detenidos	O
en	O
[[Israel]]	O
,	O
aseguró	O
que	O
cooperará	O
con	O
la	O
[[ONU]]	3
.	O
[BREAK]	O
[[Israel]]	O
y	O
la	O
[[ONU]]	3
aseguran	O
que	O
estas	O
granjas	O
son	O
sirias	O
,	O
pero	O
[[Damasco]]	5
y	O
[[Beirut]]	2
afirman	O
que	O
son	O
libanesas	O
y	O
,	O
a	O
tal	O
efecto	O
,	O
el	O
[[Gobierno]]	O
ha	O
enviado	O
varios	O
documentos	O
a	O
[[Naciones_Unidas]]	O
para	O
atestiguar	O
su	O
soberanía	O
.	O
[BREAK]	O
El	O
líder	O
de	O
[[Hizbulá]]	1
,	O
el	O
jeque	O
[[Hasan_Nasrala]]	O
,	O
anunció	O
por	O
su	O
parte	O
que	O
continuará	O
la	O
lucha	O
hasta	O
la	O
liberación	O
de	O
ese	O
territorio	O
,	O
situado	O
al	O
pie	O
del	O
[[monte_Hermón]]	O
y	O
rico	O
en	O
acuíferos	O
<DOC>
hombre	O
armado	O
con	O
una	O
granada	O
saltó	O
hoy	O
en	O
paracaídas	O
sobre	O
un	O
barrio	O
de	O
[[Manila]]	2
para	O
escapar	O
del	O
avión	O
que	O
había	O
intentado	O
secuestrar	O
de	O
la	O
aerolínea	O
[[Philippine_Airlines]]	5
(	O
[[PAL]]	5
)	O
,	O
informó	O
la	O
emisora	O
local	O
[[DZMM]]	O
.	O
[BREAK]	O
El	O
secuestrador	O
,	O
según	O
esa	O
versión	O
,	O
no	O
causó	O
daños	O
a	O
los	O
tripulantes	O
del	O
aparato	O
y	O
saltó	O
sobre	O
el	O
distrito	O
capitalino	O
de	O
[[Antipolo]]	O
,	O
y	O
poco	O
después	O
el	O
avión	O
tomaba	O
tierra	O
sin	O
problemas	O
en	O
el	O
mismo	O
aeropuerto	O
de	O
[[Manila]]	2
.	O
[BREAK]	O
El	O
avión	O
,	O
un	O
Airbus	O
330	O
con	O
280	O
pasajeros	O
,	O
despegó	O
del	O
aeropuerto	O
de	O
[[Davao]]	3
,	O
en	O
[[Mindanao]]	O
,	O
a	O
las	O
14.00	O
hora	O
local	O
(	O
06.00	O
GMT	O
)	O
y	O
tenía	O
previsto	O
aterrizar	O
en	O
[[Manila]]	2
hora.	O
media	O
más	O
tarde	O
.	O
[BREAK]	O
El	O
director	O
de	O
la	O
[[Oficina_de_Aviación_Civil]]	O
,	O
[[Antonio_Gana]]	O
,	O
dijo	O
que	O
el	O
secuestrador	O
pidió	O
al	O
piloto	O
que	O
volviera	O
a	O
[[Davao]]	3
,	O
a	O
unos	O
1.000	O
kilómetros	O
al	O
sur	O
de	O
[[Manila]]	2
,	O
pero	O
la	O
falta	O
de	O
combustible	O
obligó	O
a	O
seguir	O
ruta	O
a	O
[[Manila]]	2
,	O
donde	O
se	O
espera	O
su	O
llegada	O
.	O
[BREAK]	O
En	O
unas	O
declaraciones	O
a	O
la	O
emisora	O
estatal	O
[[DZRB]]	O
,	O
[[Ricardo_Puno]]	1
,	O
portavoz	O
del	O
presidente	O
filipino	O
,	O
[[Joseph_Estrada]]	O
,	O
afirmó	O
que	O
el	O
secuestrador	O
formaba	O
parte	O
del	O
pasaje	O
y	O
portaba	O
una	O
granada	O
de	O
mano	O
y	O
un	O
paracaídas	O
.	O
[BREAK]	O
Según	O
[[Puno]]	1
,	O
el	O
pirata	O
aéreo	O
pidió	O
que	O
se	O
le	O
dejara	O
saltar	O
en	O
paracaídas	O
desde	O
el	O
avión	O
,	O
pero	O
debido	O
a	O
la	O
altitud	O
de	O
vuelo	O
no	O
fue	O
posible	O
abrir	O
las	O
puertas	O
del	O
aparato	O
,	O
por	O
lo	O
que	O
el	O
"	O
Airbus	O
"	O
se	O
dirigió	O
a	O
[[Manila]]	2
.	O
[BREAK]	O
Sin	O
embargo	O
,	O
tras	O
descender	O
el	O
avión	O
a	O
unos	O
1.800	O
metros	O
,	O
el	O
pirata	O
aéreo	O
insistió	O
en	O
su	O
propósito	O
y	O
logró	O
saltar	O
en	O
paracaídas	O
.	O
[BREAK]	O
[[Jerusalén]]	O
,	O
25	O
may	O
(	O
[[EFE]]	O
)	O
<DOC>
asesinato	O
en	O
[[Sierra_Leona]]	2
de	O
cuatro	O
soldados	O
de	O
las	O
fuerzas	O
pro	O
gubernamentales	O
y	O
de	O
dos	O
periodistas	O
a	O
manos	O
de	O
los	O
rebeldes	O
de	O
las	O
[[Fuerzas_Revolucionaria_Unidas]]	4
(	O
[[FRU]]	4
)	O
coincidió	O
con	O
el	O
recrudecimiento	O
de	O
la	O
ola	O
de	O
violencia	O
que	O
desde	O
hace	O
casi	O
un	O
mes	O
vive	O
este	O
país	O
africano	O
.	O
[BREAK]	O
El	O
periodista	O
español	O
[[Miguel_Gil_Moreno]]	O
,	O
que	O
trabajaba	O
como	O
camarógrafo	O
para	O
la	O
agencia	O
estadounidense	O
[[Asociated_Press_TV]]	O
y	O
su	O
colega	O
norteamericano	O
[[Kurt_Schork]]	O
,	O
corresponsal	O
de	O
la	O
agencia	O
de	O
noticias	O
británica	O
[[Reuters]]	5
,	O
fueron	O
asesinados	O
ayer	O
cuando	O
la	O
columna	O
de	O
tropas	O
gubernamentales	O
junto	O
a	O
la	O
que	O
viajaban	O
fue	O
asaltada	O
por	O
los	O
rebeldes	O
del	O
[[FRU]]	4
.	O
[BREAK]	O
En	O
el	O
suceso	O
,	O
que	O
tuvo	O
lugar	O
en	O
el	O
cruce	O
de	O
caminos	O
de	O
[[Rogberi]]	O
,	O
a	O
unos	O
80	O
kilómetros	O
al	O
noreste	O
de	O
[[Freetown]]	3
,	O
también	O
resultaron	O
heridos	O
leves	O
otros	O
dos	O
periodistas	O
,	O
el	O
griego	O
[[Yannis_Behrakis]]	O
y	O
el	O
sudafricano	O
[[Mark_Chisholm]]	O
,	O
ambos	O
corresponsales	O
de	O
[[Reuters]]	5
.	O
[BREAK]	O
Asimismo	O
,	O
y	O
según	O
confirmaron	O
fuentes	O
de	O
la	O
[[ONU]]	6
en	O
la	O
capital	O
de	O
[[Sierra_Leona]]	2
,	O
cuatro	O
soldados	O
sierraleoneses	O
también	O
cayeron	O
muertos	O
tras	O
la	O
emboscada	O
.	O
[BREAK]	O
Los	O
dos	O
reporteros	O
heridos	O
fueron	O
trasladados	O
a	O
un	O
hospital	O
de	O
campaña	O
preparado	O
por	O
las	O
fuerzas	O
de	O
la	O
[[ONU]]	6
sin	O
que	O
se	O
temiese	O
por	O
su	O
vida	O
,	O
mientras	O
que	O
el	O
cadáver	O
del	O
periodista	O
español	O
,	O
de	O
32	O
años	O
,	O
se	O
encontraba	O
ayer	O
en	O
[[Freetown]]	3
a	O
la	O
espera	O
de	O
ser	O
repatriado	O
,	O
dijeron	O
a	O
[[EFE]]	O
fuentes	O
de	O
la	O
[[ONU]]	6
en	O
la	O
ciudad	O
.	O
[BREAK]	O
Nada	O
más	O
conocerse	O
el	O
incidente	O
,	O
el	O
[[Secretario_de_la_ONU]]	O
,	O
el	O
ghaneano	O
[[Kofi_Annan]]	1
,	O
manifestó	O
su	O
tristeza	O
por	O
la	O
muerte	O
de	O
los	O
dos	O
periodistas	O
,	O
de	O
los	O
que	O
afirmó	O
"	O
eran	O
profesionales	O
que	O
buscaban	O
informar	O
del	O
sangriento	O
conflicto	O
que	O
ya	O
se	O
ha	O
cobrado	O
demasiadas	O
vidas	O
"	O
.	O
[BREAK]	O
"	O
Estaban	O
haciendo	O
lo	O
que	O
cualquier	O
otro	O
periodista	O
hace	O
alrededor	O
del	O
mundo	O
:	O
arriesgándose	O
para	O
que	O
nosotros	O
podamos	O
estar	O
informados	O
"	O
,	O
agregó	O
[[Annan]]	1
en	O
un	O
comunicado	O
<DOC>
[[Ayuntamiento_de_Porzuna]]	3
(	O
[[Ciudad_Real]]	O
)	O
ha	O
organizado	O
una	O
jornada	O
sobre	O
educación	O
y	O
familia	O
con	O
el	O
objetivo	O
de	O
abordar	O
el	O
aumento	O
progresivo	O
del	O
fracaso	O
y	O
el	O
abandono	O
escolar	O
.	O
[BREAK]	O
La	O
jornada	O
celebrada	O
ayer	O
contó	O
con	O
la	O
participación	O
de	O
padres	O
y	O
profesores	O
de	O
los	O
cerca	O
de	O
mil	O
alumnos	O
que	O
están	O
matriculados	O
en	O
el	O
colegio	O
público	O
"	O
[[Nuestra_Señora_del_Rosario]]	O
"	O
y	O
en	O
el	O
[[Instituto_de_Enseñanza_Secundaria]]	4
"	O
[[Ribera_del_Bullaque]]	O
"	O
,	O
según	O
informó	O
hoy	O
a	O
[[EFE]]	5
,	O
la	O
alcaldesa	O
de	O
[[Porzuna]]	2
,	O
[[Bienvenida_García]]	1
.	O
[BREAK]	O
El	O
delegado	O
de	O
Educación	O
de	O
la	O
Junta	O
de	O
Comunidades	O
,	O
[[José_Fuentes_Pastrana]]	O
,	O
fue	O
el	O
encargado	O
de	O
inaugurar	O
la	O
jornada	O
durante	O
la	O
cual	O
se	O
desarrollaron	O
ponencias	O
,	O
mesas	O
redondas	O
y	O
debates	O
.	O
[BREAK]	O
[[Bienvenida_García]]	1
explicó	O
que	O
el	O
principal	O
fin	O
que	O
ha	O
perseguido	O
ha	O
sido	O
analizar	O
el	O
aumento	O
progresivo	O
del	O
abandono	O
escolar	O
que	O
se	O
produce	O
en	O
el	O
[[Instituto_de_Enseñanza_Secundaria]]	4
,	O
con	O
la	O
finalidad	O
de	O
buscar	O
soluciones	O
que	O
minimicen	O
esta	O
situación	O
.	O
[BREAK]	O
Según	O
señaló	O
la	O
alcaldesa	O
de	O
[[Porzuna]]	2
,	O
tanto	O
la	O
familia	O
como	O
el	O
sistema	O
educativo	O
y	O
las	O
instituciones	O
deben	O
jugar	O
un	O
papel	O
importante	O
en	O
el	O
intento	O
de	O
"	O
frenar	O
"	O
el	O
abandono	O
escolar	O
,	O
por	O
lo	O
que	O
es	O
necesario	O
una	O
mayor	O
implicación	O
en	O
su	O
responsabilidad	O
educativa	O
.	O
[BREAK]	O
La	O
alcaldesa	O
de	O
[[Porzuna]]	2
explicó	O
que	O
el	O
72	O
por	O
ciento	O
de	O
los	O
desempleados	O
actuales	O
menores	O
de	O
25	O
años	O
abandonaron	O
la	O
escuela	O
en	O
su	O
día	O
y	O
añadió	O
que	O
para	O
reducir	O
esta	O
cifra	O
una	O
de	O
las	O
prioridades	O
es	O
concienciar	O
a	O
la	O
familia	O
para	O
tratar	O
de	O
que	O
los	O
jóvenes	O
continúen	O
ligados	O
a	O
los	O
centros	O
educativos	O
y	O
sean	O
capaces	O
de	O
concluir	O
su	O
ciclo	O
formativo	O
.	O
[BREAK]	O
[[Bienvenida_García]]	1
señaló	O
que	O
entre	O
las	O
medidas	O
propuestas	O
en	O
estas	O
jornadas	O
para	O
evitar	O
el	O
abandono	O
escolar	O
está	O
diversificar	O
la	O
oferta	O
de	O
módulos	O
formativos	O
.	O
[BREAK]	O
Por	O
último	O
,	O
comentó	O
la	O
intención	O
del	O
[[Ayuntamiento_de_Porzuna]]	3
de	O
trabajar	O
en	O
esta	O
línea	O
de	O
actuación	O
y	O
aseguró	O
que	O
"	O
desde	O
la	O
institución	O
municipal	O
vamos	O
a	O
realizar	O
un	O
esfuerzo	O
efectivo	O
y	O
activo	O
en	O
esta	O
materia	O
"	O
.	O
[BREAK]	O
[[Sabadell]]	O
(	O
[[Barcelona]]	O
)	O
,	O
25	O
may	O
(	O
[[EFE]]	5
)	O
<DOC>
[[Arias_Cárdenas]]	1
,	O
principal	O
contrincante	O
del	O
presidente	O
[[Hugo_Chávez]]	2
en	O
las	O
elecciones	O
venezolanas	O
del	O
próximo	O
domingo	O
,	O
asegura	O
que	O
recortará	O
el	O
mandato	O
presidencial	O
y	O
revisará	O
la	O
Constitución	O
si	O
gana	O
en	O
los	O
comicios	O
.	O
[BREAK]	O
En	O
una	O
entrevista	O
que	O
publica	O
hoy	O
el	O
diario	O
madrileño	O
"	O
[[El_Pais]]	O
"	O
,	O
el	O
político	O
democristiano	O
rechaza	O
"	O
el	O
izquierdismo	O
trasnochado	O
"	O
del	O
presidente	O
[[Chávez]]	2
,	O
de	O
quien	O
fue	O
compañero	O
de	O
cuartelazo	O
en	O
1992	O
y	O
ahora	O
su	O
principal	O
adversario	O
.	O
[BREAK]	O
"	O
Lo	O
primero	O
que	O
ofrezco	O
a	O
los	O
venezolanos	O
es	O
tranquilidad	O
,	O
menos	O
palabrería	O
,	O
cambios	O
en	O
paz	O
"	O
,	O
dice	O
[[Arias]]	1
.	O
[BREAK]	O
El	O
candidato	O
presidencial	O
promete	O
modificar	O
a	O
fondo	O
la	O
Constitución	O
aprobada	O
el	O
15	O
de	O
diciembre	O
,	O
recortar	O
el	O
mandato	O
presidencial	O
,	O
abrir	O
la	O
economía	O
,	O
y	O
limitar	O
el	O
tamaño	O
del	O
[[Estado]]	3
en	O
el	O
funcionamiento	O
de	O
la	O
economía	O
.	O
[BREAK]	O
"	O
El	O
[[Estado]]	3
no	O
debe	O
ser	O
empresario	O
"	O
.	O
[BREAK]	O
[[Arias]]	1
,	O
al	O
que	O
las	O
encuestas	O
le	O
dan	O
como	O
perdedor	O
en	O
los	O
comicios	O
,	O
quita	O
importancia	O
a	O
esos	O
pronósticos	O
y	O
alerta	O
de	O
que	O
"	O
hay	O
una	O
votación	O
silenciosa	O
que	O
está	O
con	O
nosotros	O
,	O
y	O
que	O
se	O
va	O
a	O
manifestar	O
el	O
día	O
de	O
las	O
elecciones	O
(	O
...	O
)	O
Vamos	O
a	O
estar	O
muy	O
atentos	O
a	O
las	O
trampas	O
"	O
.	O
[BREAK]	O
Y	O
es	O
que	O
[[Arias]]	1
advierte	O
de	O
que	O
las	O
elecciones	O
se	O
producen	O
en	O
unas	O
circunstancias	O
en	O
que	O
"	O
todos	O
los	O
poderes	O
,	O
incluyendo	O
el	O
electoral	O
,	O
están	O
en	O
manos	O
de	O
un	O
candidato	O
"	O
,	O
aunque	O
enfatiza	O
que	O
"	O
estamos	O
poniendo	O
los	O
medios	O
para	O
impedir	O
que	O
prospere	O
cualquier	O
intento	O
que	O
pueda	O
tener	O
quien	O
ha	O
preparado	O
todo	O
este	O
proceso	O
para	O
escamotear	O
la	O
voluntad	O
popular	O
"	O
.	O
[BREAK]	O
Achaca	O
al	O
[[Gobierno_de_Chávez]]	O
el	O
no	O
haber	O
adoptado	O
decisiones	O
en	O
materia	O
económica	O
"	O
y	O
las	O
que	O
se	O
toman	O
-	O
asegura	O
-	O
son	O
lerdas	O
"	O
.	O
[BREAK]	O
"	O
Hay	O
un	O
contrasentido	O
cuando	O
se	O
maneja	O
lo	O
público	O
como	O
confrontación	O
permanente	O
,	O
cuando	O
se	O
desestimula	O
la	O
inversión	O
,	O
cuando	O
se	O
retienen	O
los	O
recursos	O
del	O
[[Estado]]	3
para	O
inversiones	O
a	O
los	O
gobernadores	O
y	O
alcaldes	O
opositores	O
para	O
que	O
hagan	O
obras	O
que	O
puedan	O
presentar	O
resultados	O
a	O
los	O
electores	O
"	O
,	O
afirma	O
.	O
[BREAK]	O
En	O
cuanto	O
a	O
su	O
proyecto	O
de	O
reforma	O
de	O
la	O
nueva	O
[[Constitución]]	O
,	O
explica	O
que	O
él	O
quiere	O
disminuir	O
el	O
periodo	O
presidencial	O
,	O
"	O
que	O
es	O
excesivo	O
"	O
,	O
y	O
modificar	O
,	O
por	O
ejemplo	O
,	O
"	O
el	O
poder	O
para	O
deshacer	O
el	O
[[Congreso]]	O
,	O
la	O
descentralización	O
,	O
el	O
manejo	O
del	O
[[Consejo_de_Estado]]	O
,	O
la	O
transferencia	O
de	O
recursos	O
.	O
[BREAK]	O
Son	O
asuntos	O
muy	O
graves	O
"	O
.	O
[BREAK]	O
[[Barcelona]]	O
,	O
23	O
may	O
(	O
[[EFE]]	O
)	O
<DOC>
un	O
nuevo	O
modelo	O
de	O
atención	O
a	O
los	O
enfermos	O
crónicos	O
domiciliarios	O
en	O
el	O
que	O
las	O
nuevas	O
tecnologías	O
de	O
la	O
información	O
y	O
las	O
comunicaciones	O
jueguen	O
un	O
papel	O
fundamental	O
es	O
el	O
objetivo	O
de	O
un	O
estudio	O
piloto	O
que	O
coordinará	O
el	O
hospital	O
[[Clínico_de_Barcelona]]	O
,	O
financiado	O
por	O
la	O
[[UE]]	O
,	O
que	O
se	O
pondrá	O
en	O
marcha	O
a	O
principios	O
del	O
año	O
próximo	O
.	O
[BREAK]	O
El	O
proyecto	O
,	O
que	O
se	O
denomina	O
Chronic	O
y	O
que	O
tiene	O
un	O
presupuesto	O
de	O
1,7	O
millones	O
de	O
euros	O
,	O
tratará	O
de	O
implantar	O
un	O
sistema	O
basado	O
en	O
los	O
beneficios	O
de	O
la	O
tecnología	O
"	O
en	O
el	O
que	O
el	O
propio	O
paciente	O
sea	O
más	O
responsable	O
y	O
más	O
activo	O
en	O
el	O
manejo	O
de	O
su	O
enfermedad	O
"	O
,	O
según	O
señaló	O
a	O
[[EFE]]	2
su	O
coordinador	O
clínico	O
,	O
el	O
doctor	O
[[Josep_Roca]]	1
.	O
[BREAK]	O
Chronic	O
plantea	O
dotar	O
a	O
los	O
enfermos	O
de	O
un	O
sistema	O
de	O
atención	O
personalizada	O
que	O
el	O
paciente	O
podrá	O
accionar	O
desde	O
su	O
domicilio	O
en	O
conexión	O
con	O
su	O
centro	O
hospitalario	O
de	O
referencia	O
,	O
lo	O
que	O
,	O
según	O
el	O
doctor	O
[[Roca]]	1
,	O
permitirá	O
un	O
seguimiento	O
continuo	O
de	O
la	O
evolución	O
del	O
enfermo	O
.	O
[BREAK]	O
Los	O
pacientes	O
podrán	O
llamar	O
a	O
un	O
número	O
,	O
que	O
estará	O
combinado	O
con	O
otros	O
centros	O
proveedores	O
de	O
salud	O
,	O
en	O
donde	O
se	O
le	O
atenderá	O
sobre	O
el	O
problema	O
que	O
plantee	O
y	O
desde	O
donde	O
se	O
le	O
derivará	O
al	O
recurso	O
más	O
adecuado	O
,	O
en	O
función	O
de	O
la	O
patología	O
que	O
tenga	O
.	O
[BREAK]	O
En	O
este	O
estudio	O
piloto	O
también	O
se	O
ha	O
previsto	O
dotar	O
a	O
una	O
veintena	O
de	O
enfermos	O
más	O
graves	O
de	O
un	O
sistema	O
de	O
monitorización	O
domiciliaria	O
por	O
cable	O
que	O
sea	O
visible	O
desde	O
un	O
centro	O
médico	O
y	O
que	O
permita	O
un	O
contacto	O
continuo	O
con	O
un	O
sanitario	O
.	O
[BREAK]	O
A	O
través	O
de	O
este	O
monitor	O
,	O
remarcó	O
el	O
doctor	O
[[Roca]]	1
,	O
se	O
pondrán	O
además	O
en	O
marcha	O
programas	O
interactivos	O
entre	O
el	O
hospital	O
y	O
el	O
domicilio	O
del	O
enfermo	O
para	O
hacer	O
consultas	O
sobre	O
su	O
enfermedad	O
,	O
modificar	O
la	O
medicación	O
que	O
se	O
debe	O
administrar	O
o	O
envían	O
registros	O
de	O
constantes	O
vitales	O
medidas	O
de	O
forma	O
automática	O
.	O
[BREAK]	O
El	O
proyecto	O
,	O
que	O
se	O
evaluará	O
posteriormente	O
para	O
ver	O
su	O
posible	O
implantación	O
en	O
pacientes	O
con	O
problemas	O
respiratorios	O
,	O
con	O
cardiopatías	O
o	O
de	O
tipo	O
neurológico	O
,	O
tendrá	O
una	O
duración	O
de	O
30	O
meses	O
.	O
[BREAK]	O
[[EFE]]	2
.	O
[BREAK]	O
DH/rq./cla	O
[[Madrid]]	O
,	O
23	O
may	O
(	O
[[EFE]]	2
