Resolución	O
legislativa	O
del	O
[[Parlamento_Europeo]]	1
,	O
de	O
24	O
de	O
marzo	O
de	O
2009	O
,	O
sobre	O
la	O
Recomendación	O
de	O
Reglamento	O
del	O
[[Consejo]]	2
que	O
modifica	O
el	O
Reglamento	O
(	O
CE	O
)	O
nº	O
2533/98	O
,	O
sobre	O
la	O
obtención	O
de	O
información	O
estadística	O
por	O
el	O
[[Banco_Central_Europeo]]	O
(	O
13411/2008	O
--	O
C6-0351	O
/	O
2008	O
--	O
2008/0807	O
(	O
CNS	O
)	O
)	O
Recomendación	O
del	O
[[Parlamento_Europeo]]	1
destinada	O
al	O
[[Consejo]]	2
,	O
de	O
24	O
de	O
marzo	O
de	O
2009	O
,	O
sobre	O
las	O
prioridades	O
de	O
la	O
[[UE]]	3
para	O
el	O
64º	O
período	O
de	O
sesiones	O
de	O
la	O
[[Asamblea_General_de_las_Naciones_Unidas]]	O
(	O
2009/2000	O
(	O
INI	O
)	O
)	O
Resolución	O
del	O
[[Parlamento_Europeo]]	1
,	O
de	O
24	O
de	O
marzo	O
de	O
2009	O
,	O
sobre	O
``	O
Un	O
año	O
después	O
de	O
[[Lisboa]]	O
:	O
La	O
Asociación	O
África-UE	O
en	O
marcha	O
''	O
(	O
2008/2318	O
(	O
INI	O
)	O
)	O
Resolución	O
del	O
[[Parlamento_Europeo]]	1
,	O
de	O
24	O
de	O
marzo	O
de	O
2009	O
,	O
sobre	O
los	O
contratos	O
ODM	O
(	O
2008/2128	O
(	O
INI	O
)	O
)	O
Resolución	O
del	O
[[Parlamento_Europeo]]	1
,	O
de	O
24	O
de	O
marzo	O
de	O
2009	O
,	O
sobre	O
los	O
estudios	O
artísticos	O
en	O
la	O
[[Unión_Europea]]	3
(	O
2008/2226	O
(	O
INI	O
)	O
)	O
Resolución	O
del	O
[[Parlamento_Europeo]]	1
,	O
de	O
24	O
de	O
marzo	O
de	O
2009	O
,	O
sobre	O
un	O
diálogo	O
activo	O
con	O
los	O
ciudadanos	O
sobre	O
[[Europa]]	3
(	O
2008/2224	O
(	O
INI	O
)	O
)	O
Resolución	O
del	O
[[Parlamento_Europeo]]	1
,	O
de	O
24	O
de	O
marzo	O
de	O
2009	O
,	O
sobre	O
los	O
trabajos	O
de	O
la	O
[[Asamblea_Parlamentaria_Paritaria_ACP-UE]]	O
en	O
2008	O
(	O
2008/2303	O
(	O
INI	O
)	O
)	O
Mejores	O
prácticas	O
en	O
el	O
ámbito	O
de	O
la	O
política	O
regional	O
y	O
obstáculos	O
a	O
la	O
utilización	O
de	O
los	O
Fondos	O
Estructurales	O
Resolución	O
del	O
[[Parlamento_Europeo]]	1
,	O
de	O
24	O
de	O
marzo	O
de	O
2009	O
,	O
sobre	O
las	O
mejores	O
prácticas	O
en	O
el	O
ámbito	O
de	O
la	O
política	O
regional	O
y	O
los	O
obstáculos	O
a	O
la	O
utilización	O
de	O
los	O
Fondos	O
Estructurales	O
(	O
2008/2061	O
(	O
INI	O
)	O
)	O
Complementariedad	O
y	O
coordinación	O
de	O
la	O
política	O
de	O
cohesión	O
con	O
las	O
medidas	O
de	O
desarrollo	O
rural	O
Resolución	O
del	O
[[Parlamento_Europeo]]	1
,	O
de	O
24	O
de	O
marzo	O
de	O
2009	O
,	O
sobre	O
la	O
complementariedad	O
y	O
la	O
coordinación	O
de	O
la	O
política	O
de	O
cohesión	O
con	O
las	O
medidas	O
en	O
materia	O
de	O
desarrollo	O
rural	O
(	O
2008/2100	O
(	O
INI	O
)	O
<DOC>
Resolución	O
legislativa	O
del	O
[[Parlamento_Europeo]]	2
sobre	O
la	O
propuesta	O
de	O
directiva	O
del	O
[[Parlamento_Europeo]]	2
y	O
del	O
[[Consejo]]	3
,	O
por	O
la	O
que	O
se	O
modifica	O
por	O
vigésima	O
vez	O
la	O
Directiva	O
76/769/CEE	O
del	O
[[Consejo]]	3
,	O
relativa	O
a	O
la	O
limitación	O
de	O
la	O
comercialización	O
y	O
el	O
uso	O
de	O
determinadas	O
sustancias	O
y	O
preparados	O
peligrosos	O
(	O
parafinas	O
cloradas	O
de	O
cadena	O
corta	O
)	O
(	O
COM	O
(	O
2000	O
)	O
260	O
Vista	O
la	O
propuesta	O
de	O
la	O
[[Comisión]]	4
al	O
[[Parlamento_Europeo]]	2
y	O
al	O
[[Consejo]]	3
(	O
COM	O
(	O
2000	O
)	O
260	O
Vistos	O
el	O
apartado	O
2	O
del	O
artículo	O
251	O
y	O
el	O
artículo	O
95	O
del	O
Tratado	O
CE	O
,	O
conforme	O
a	O
los	O
cuales	O
la	O
[[Comisión]]	4
le	O
ha	O
presentado	O
su	O
propuesta	O
(	O
C5-0321	O
/	O
2000	O
Visto	O
el	O
informe	O
de	O
la	O
[[Comisión_de_Medio_Ambiente_,_Salud_Pública_y_Política_del_Consumidor]]	O
(	O
A5-0003	O
/	O
2001	O
Pide	O
que	O
la	O
[[Comisión]]	4
le	O
presente	O
de	O
nuevo	O
la	O
propuesta	O
,	O
en	O
caso	O
de	O
que	O
se	O
proponga	O
modificar	O
sustancialmente	O
la	O
propuesta	O
modificada	O
o	O
sustituirla	O
por	O
otro	O
texto	O
;	O
Encarga	O
a	O
su	O
[[Presidenta]]	O
que	O
transmita	O
la	O
posición	O
del	O
[[Parlamento]]	2
al	O
[[Consejo]]	3
y	O
a	O
la	O
[[Comisión]]	4
.	O
[BREAK]	O
Propuesta	O
de	O
reglamento	O
del	O
[[Consejo]]	3
relativo	O
a	O
la	O
celebración	O
del	O
Protocolo	O
por	O
el	O
que	O
se	O
fijan	O
las	O
posibilidades	O
de	O
pesca	O
y	O
la	O
contrapartida	O
financiera	O
previstas	O
en	O
el	O
Acuerdo	O
entre	O
la	O
[[Comunidad_Económica_Europea]]	O
y	O
la	O
[[República_de_Côte_d'Ivoire]]	1
sobre	O
la	O
pesca	O
en	O
aguas	O
de	O
[[Côte_d'Ivoire]]	1
para	O
el	O
período	O
comprendido	O
entre	O
el	O
1	O
de	O
julio	O
de	O
2000	O
y	O
el	O
30	O
de	O
junio	O
de	O
2003	O
(	O
COM	O
(	O
2000	O
)	O
629	O
(	O
2	O
bis	O
)	O
Es	O
importante	O
mejorar	O
la	O
información	O
facilitada	O
al	O
[[Parlamento_Europeo]]	2
y	O
la	O
[[Comisión]]	4
debe	O
elaborar	O
un	O
informe	O
anual	O
sobre	O
los	O
progresos	O
realizados	O
en	O
la	O
aplicación	O
del	O
Acuerdo	O
;	O
Durante	O
el	O
último	O
año	O
de	O
vigencia	O
del	O
Protocolo	O
y	O
antes	O
de	O
que	O
se	O
celebre	O
un	O
acuerdo	O
para	O
su	O
renovación	O
,	O
la	O
[[Comisión]]	4
presentará	O
al	O
[[Parlamento]]	2
y	O
al	O
[[Consejo]]	3
un	O
informe	O
sobre	O
la	O
aplicación	O
del	O
Acuerdo	O
y	O
las	O
condiciones	O
bajo	O
las	O
cuales	O
se	O
ha	O
puesto	O
en	O
práctica	O
.	O
[BREAK]	O
La	O
[[Comisión]]	4
remitirá	O
al	O
[[Consejo]]	3
y	O
al	O
[[Parlamento_Europeo]]	2
una	O
copia	O
del	O
informe	O
sobre	O
las	O
medidas	O
específicas	O
que	O
las	O
autoridades	O
de	O
[[Côte_d'Ivoire]]	1
establezcan	O
de	O
acuerdo	O
con	O
el	O
artículo	O
4	O
del	O
Protocolo	O
.	O
[BREAK]	O
Sobre	O
la	O
base	O
de	O
estos	O
informes	O
y	O
tras	O
consultar	O
al	O
[[Parlamento_Europeo]]	2
,	O
el	O
[[Consejo]]	3
otorgará	O
a	O
la	O
[[Comisión]]	4
,	O
llegado	O
el	O
caso	O
,	O
un	O
mandato	O
de	O
negociación	O
con	O
vistas	O
a	O
la	O
celebración	O
de	O
un	O
nuevo	O
Protocolo	O
<DOC>
Resolución	O
legislativa	O
del	O
[[Parlamento_Europeo]]	3
sobre	O
la	O
propuesta	O
de	O
decisión	O
del	O
[[Consejo]]	4
por	O
la	O
que	O
se	O
concede	O
una	O
garantía	O
de	O
la	O
[[Comunidad]]	10
al	O
[[Banco_Europeo_de_Inversiones]]	O
para	O
cubrir	O
las	O
pérdidas	O
derivadas	O
de	O
una	O
acción	O
especial	O
de	O
préstamo	O
en	O
favor	O
de	O
proyectos	O
medioambientales	O
seleccionados	O
en	O
las	O
regiones	O
rusas	O
de	O
la	O
[[Cuenca_Báltica]]	O
en	O
el	O
marco	O
de	O
la	O
dimensión	O
septentrional	O
(	O
COM	O
(	O
2001	O
)	O
297	O
Consultado	O
por	O
el	O
[[Consejo]]	4
,	O
de	O
conformidad	O
con	O
el	O
artículo	O
308	O
del	O
Tratado	O
CE	O
(	O
C5-0307	O
/	O
2001	O
Vistos	O
el	O
informe	O
de	O
la	O
[[Comisión_de_Presupuestos]]	O
y	O
la	O
opinión	O
de	O
la	O
[[Comisión_de_Medio_Ambiente_,_Salud_Pública_y_Política_del_Consumidor]]	O
(	O
A5-0350	O
/	O
2001	O
Pide	O
al	O
[[Consejo]]	4
que	O
le	O
informe	O
,	O
en	O
caso	O
de	O
que	O
pretenda	O
apartarse	O
del	O
texto	O
aprobado	O
por	O
el	O
[[Parlamento]]	3
;	O
Pide	O
que	O
se	O
le	O
consulte	O
de	O
nuevo	O
,	O
en	O
caso	O
de	O
que	O
el	O
[[Consejo]]	4
se	O
proponga	O
modificar	O
sustancialmente	O
la	O
propuesta	O
de	O
la	O
[[Comisión]]	6
;	O
Encarga	O
a	O
su	O
[[Presidenta]]	O
que	O
transmita	O
la	O
posición	O
del	O
[[Parlamento]]	3
al	O
[[Consejo]]	4
y	O
a	O
la	O
[[Comisión]]	6
.	O
[BREAK]	O
Propuesta	O
de	O
decisión	O
del	O
[[Consejo]]	4
relativa	O
a	O
una	O
segunda	O
contribución	O
de	O
la	O
[[Comunidad_Europea]]	10
al	O
[[Banco_Europeo_de_Reconstrucción_y_Desarrollo]]	O
en	O
favor	O
del	O
Fondo	O
de	O
protección	O
de	O
[[Chernóbil]]	1
(	O
COM	O
(	O
2001	O
)	O
251	O
Con	O
arreglo	O
a	O
la	O
Comunicación	O
de	O
6	O
de	O
septiembre	O
de	O
2000	O
de	O
la	O
[[Comisión]]	6
al	O
[[Consejo]]	4
y	O
al	O
[[Parlamento_Europeo]]	3
,	O
relativa	O
a	O
la	O
ayuda	O
financiera	O
a	O
la	O
seguridad	O
nuclear	O
de	O
los	O
nuevos	O
[[Estados_independientes]]	7
y	O
de	O
[[Europa_Central_y_Oriental]]	2
,	O
la	O
contribución	O
se	O
aportará	O
sobre	O
la	O
dotación	O
de	O
Tacis	O
o	O
de	O
una	O
línea	O
presupuestaria	O
distinta	O
dedicada	O
a	O
la	O
asistencia	O
en	O
favor	O
de	O
dichos	O
Estados	O
asociados	O
.	O
[BREAK]	O
Con	O
arreglo	O
a	O
la	O
Comunicación	O
de	O
6	O
de	O
septiembre	O
de	O
2000	O
de	O
la	O
[[Comisión]]	6
al	O
[[Consejo]]	4
y	O
al	O
[[Parlamento_Europeo]]	3
,	O
relativa	O
a	O
la	O
ayuda	O
financiera	O
a	O
la	O
seguridad	O
nuclear	O
de	O
los	O
nuevos	O
[[Estados_independientes]]	7
y	O
de	O
[[Europa_Central_y_Oriental]]	2
,	O
la	O
contribución	O
se	O
aportará	O
sobre	O
la	O
dotación	O
de	O
Tacis	O
o	O
de	O
una	O
línea	O
presupuestaria	O
distinta	O
dedicada	O
a	O
la	O
asistencia	O
en	O
favor	O
de	O
dichos	O
[[Estados_asociados]]	O
;	O
Si	O
al	O
final	O
del	O
ejercicio	O
la	O
[[Comisión]]	6
puede	O
justificar	O
que	O
determinados	O
créditos	O
no	O
pueden	O
utilizarse	O
en	O
las	O
líneas	O
presupuestarias	O
B7-524	O
La	O
[[Comisión]]	6
transmitirá	O
toda	O
la	O
información	O
pertinente	O
al	O
[[Tribunal_de_Cuentas]]	O
y	O
recibir	O
respecto	O
de	O
los	O
diferentes	O
aspectos	O
operativos	O
del	O
Fondo	O
de	O
protección	O
de	O
[[Chernóbil]]	1
vinculados	O
a	O
una	O
financiación	O
comunitaria	O
.	O
[BREAK]	O
recibir	O
respecto	O
de	O
los	O
diferentes	O
aspectos	O
operativos	O
del	O
Fondo	O
de	O
protección	O
de	O
[[Chernóbil]]	1
vinculados	O
a	O
una	O
financiación	O
comunitaria	O
<DOC>
Resolución	O
legislativa	O
del	O
[[Parlamento_Europeo]]	1
sobre	O
la	O
propuesta	O
de	O
directiva	O
del	O
[[Parlamento_Europeo]]	1
y	O
del	O
[[Consejo]]	2
relativa	O
al	O
tratamiento	O
de	O
los	O
datos	O
personales	O
y	O
a	O
la	O
protección	O
de	O
la	O
intimidad	O
en	O
el	O
sector	O
de	O
las	O
comunicaciones	O
electrónicas	O
(	O
COM	O
(	O
2000	O
)	O
385	O
Vista	O
la	O
propuesta	O
de	O
la	O
[[Comisión]]	3
al	O
[[Parlamento_Europeo]]	1
y	O
al	O
[[Consejo]]	2
(	O
COM	O
(	O
2000	O
)	O
385	O
Vistos	O
el	O
apartado	O
2	O
del	O
artículo	O
251	O
y	O
el	O
artículo	O
95	O
del	O
Tratado	O
CE	O
,	O
conforme	O
a	O
los	O
cuales	O
la	O
[[Comisión]]	3
le	O
ha	O
presentado	O
su	O
propuesta	O
(	O
C5-0439	O
/	O
2000	O
Vistos	O
el	O
informe	O
de	O
la	O
[[Comisión_de_Libertades_y_Derechos_de_los_Ciudadanos_,_Justicia_y_Asuntos]]	O
Interiores	O
y	O
las	O
opiniones	O
de	O
la	O
[[Comisión_de_Asuntos_Jurídicos_y_Mercado_Interior]]	O
,	O
de	O
la	O
[[Comisión_de_Industria_,_Comercio_Exterior_,_Investigación_y_Energía]]	O
y	O
de	O
la	O
[[Comisión_de_Medio_Ambiente_,_Salud_Pública_y_Política_del_Consumidor]]	O
(	O
A5-0270	O
/	O
2001	O
Visto	O
el	O
segundo	O
informe	O
de	O
la	O
[[Comisión_de_Libertades_y_Derechos_de_los_Ciudadanos_,_Justicia_y_Asuntos_Interiores]]	O
(	O
A5-0374	O
/	O
2001	O
Pide	O
que	O
la	O
[[Comisión]]	3
le	O
presente	O
de	O
nuevo	O
la	O
propuesta	O
,	O
en	O
caso	O
de	O
que	O
se	O
proponga	O
modificarla	O
sustancialmente	O
o	O
sustituirla	O
por	O
otro	O
texto	O
;	O
Encarga	O
a	O
su	O
[[Presidenta]]	O
que	O
transmita	O
la	O
posición	O
del	O
[[Parlamento]]	O
al	O
[[Consejo]]	2
y	O
a	O
la	O
[[Comisión]]	3
.	O
[BREAK]	O
Iniciativa	O
del	O
[[Reino_de_Bélgica]]	O
y	O
del	O
[[Reino_de_Suecia]]	O
con	O
vistas	O
a	O
adoptar	O
una	O
Decisión	O
del	O
[[Consejo]]	2
por	O
la	O
que	O
se	O
amplían	O
las	O
competencias	O
de	O
[[Europol]]	4
a	O
las	O
formas	O
graves	O
de	O
delincuencia	O
internacional	O
enumeradas	O
en	O
el	O
anexo	O
del	O
Convenio	O
[[Europol]]	4
(	O
9093/2001	O
-	O
C5-0266	O
/	O
2001	O
(	O
2	O
bis	O
)	O
La	O
definición	O
de	O
los	O
ámbitos	O
prioritarios	O
ha	O
de	O
basarse	O
en	O
la	O
recogida	O
permanente	O
y	O
descentralizada	O
de	O
los	O
datos	O
relativos	O
a	O
la	O
evolución	O
de	O
la	O
delincuencia	O
en	O
los	O
territorios	O
de	O
los	O
[[Estados_miembros]]	5
,	O
por	O
lo	O
que	O
resulta	O
conveniente	O
consultar	O
al	O
[[Parlamento_Europeo]]	1
sobre	O
la	O
definición	O
de	O
las	O
prioridades	O
.	O
[BREAK]	O
(	O
2	O
ter	O
)	O
Es	O
necesario	O
garantizar	O
,	O
en	O
el	O
marco	O
de	O
[[Europol]]	4
,	O
un	O
nivel	O
de	O
control	O
parlamentario	O
y	O
jurisdiccional	O
,	O
así	O
como	O
de	O
protección	O
de	O
los	O
datos	O
personales	O
que	O
corresponda	O
a	O
las	O
garantías	O
del	O
primer	O
pilar	O
en	O
estos	O
ámbitos	O
.	O
[BREAK]	O
Se	O
encomienda	O
a	O
[[Europol]]	4
que	O
se	O
ocupe	O
de	O
las	O
formas	O
graves	O
de	O
delincuencia	O
internacional	O
enumeradas	O
en	O
el	O
anexo	O
del	O
Convenio	O
[[Europol]]	4
.	O
[BREAK]	O
Se	O
encomienda	O
a	O
[[Europol]]	4
que	O
se	O
ocupe	O
de	O
las	O
formas	O
graves	O
de	O
delincuencia	O
internacional	O
enumeradas	O
en	O
el	O
anexo	O
del	O
Convenio	O
[[Europol]]	4
.	O
[BREAK]	O
En	O
caso	O
de	O
que	O
el	O
[[Consejo]]	2
adopte	O
decisiones	O
marco	O
relativas	O
a	O
la	O
tipificación	O
de	O
los	O
elementos	O
constitutivos	O
de	O
delito	O
,	O
éstas	O
sustituirán	O
a	O
las	O
normas	O
correspondientes	O
del	O
Convenio	O
[[Europol]]	4
y	O
de	O
sus	O
anexos	O
.	O
[BREAK]	O
Europol	O
actuará	O
en	O
estrecha	O
colaboración	O
con	O
los	O
[[Estados_miembros]]	5
en	O
la	O
recogida	O
permanente	O
y	O
descentralizada	O
de	O
los	O
datos	O
relativos	O
a	O
la	O
evolución	O
de	O
la	O
delincuencia	O
internacional	O
en	O
el	O
territorio	O
de	O
los	O
[[Estados_miembros]]	5
.	O
[BREAK]	O
Dichos	O
datos	O
se	O
incluirán	O
en	O
los	O
informes	O
generales	O
anuales	O
contemplados	O
en	O
el	O
párrafo	O
primero	O
del	O
apartado	O
10	O
del	O
artículo	O
28	O
del	O
Convenio	O
[[Europol]]	4
,	O
así	O
como	O
en	O
los	O
informes	O
especiales	O
,	O
como	O
el	O
que	O
se	O
ha	O
de	O
elaborar	O
sobre	O
el	O
terrorismo	O
.	O
[BREAK]	O
sobre	O
las	O
actividades	O
de	O
[[Europol]]	4
,	O
según	O
lo	O
mencionado	O
en	O
el	O
punto	O
1	O
del	O
párrafo	O
primero	O
del	O
apartado	O
10	O
del	O
artículo	O
28	O
del	O
Convenio	O
[[Europol]]	4
,	O
sobre	O
las	O
actividades	O
de	O
[[Europol]]	4
,	O
según	O
lo	O
mencionado	O
en	O
el	O
punto	O
1	O
del	O
párrafo	O
primero	O
del	O
apartado	O
10	O
del	O
artículo	O
28	O
del	O
Convenio	O
[[Europol]]	4
,	O
Los	O
informes	O
se	O
transmitirán	O
al	O
[[Parlamento_Europeo]]	1
con	O
vistas	O
al	O
debate	O
anual	O
a	O
que	O
se	O
refiere	O
el	O
artículo	O
39	O
del	O
Tratado	O
UE	O
y	O
se	O
publicarán	O
con	O
posterioridad	O
,	O
junto	O
con	O
el	O
dictamen	O
del	O
[[Parlamento_Europeo]]	1
y	O
de	O
las	O
posibles	O
observaciones	O
y	O
evaluaciones	O
de	O
los	O
Estados	O
miembros	O
<DOC>
Resolución	O
legislativa	O
del	O
[[Parlamento_Europeo]]	2
sobre	O
la	O
propuesta	O
de	O
Reglamento	O
del	O
[[Consejo]]	3
relativo	O
a	O
la	O
celebración	O
del	O
Acuerdo	O
de	O
asociación	O
entre	O
la	O
[[Comunidad_Europea]]	O
y	O
los	O
[[Estados_Federados_de_Micronesia]]	1
sobre	O
la	O
pesca	O
en	O
aguas	O
de	O
los	O
[[Estados_Federados_de_Micronesia]]	1
(	O
COM	O
(	O
2005	O
)	O
0502	O
-	O
C6-0353	O
/	O
2005	O
--	O
2005/0206	O
(	O
CNS	O
)	O
)	O
Vista	O
la	O
propuesta	O
de	O
Reglamento	O
del	O
[[Consejo]]	3
(	O
COM	O
(	O
2005	O
)	O
0502	O
)	O
Pendiente	O
de	O
publicación	O
en	O
el	O
DO	O
.	O
[BREAK]	O
Visto	O
el	O
primer	O
párrafo	O
del	O
apartado	O
3	O
del	O
artículo	O
300	O
del	O
Tratado	O
CE	O
,	O
conforme	O
al	O
cual	O
ha	O
sido	O
consultado	O
por	O
el	O
[[Consejo]]	3
(	O
C6-0353	O
/	O
2005	O
)	O
,	O
Vistos	O
el	O
informe	O
de	O
la	O
[[Comisión_de_Pesca]]	O
y	O
las	O
opiniones	O
de	O
la	O
[[Comisión_de_Presupuestos]]	O
y	O
de	O
la	O
[[Comisión_de_Desarrollo]]	O
(	O
A6-0035	O
/	O
2006	O
)	O
,	O
Aprueba	O
la	O
propuesta	O
de	O
Reglamento	O
del	O
[[Consejo]]	3
en	O
su	O
versión	O
modificada	O
y	O
aprueba	O
la	O
celebración	O
del	O
acuerdo	O
;	O
Encarga	O
a	O
su	O
[[Presidente]]	O
que	O
transmita	O
la	O
posición	O
del	O
[[Parlamento]]	4
al	O
[[Consejo]]	3
y	O
a	O
la	O
[[Comisión]]	5
,	O
así	O
como	O
a	O
los	O
[[Gobiernos]]	O
y	O
[[Parlamentos_de_los_Estados_miembros]]	O
y	O
de	O
los	O
[[Estados_Federados_de_Micronesia]]	1
.	O
[BREAK]	O
Texto	O
de	O
la	O
[[Comisión]]	5
Enmiendas	O
del	O
[[Parlamento]]	4
Enmienda	O
1	O
Considerando	O
2	O
bis	O
(	O
nuevo	O
)	O
(	O
2	O
bis	O
)	O
Es	O
importante	O
mejorar	O
la	O
información	O
facilitada	O
al	O
[[Parlamento_Europeo]]	2
;	O
para	O
ello	O
,	O
la	O
[[Comisión]]	5
debe	O
elaborar	O
un	O
informe	O
anual	O
sobre	O
la	O
aplicación	O
del	O
Acuerdo	O
.	O
[BREAK]	O
En	O
el	O
transcurso	O
del	O
último	O
año	O
de	O
validez	O
del	O
Protocolo	O
y	O
antes	O
de	O
que	O
se	O
celebre	O
otro	O
acuerdo	O
de	O
renovación	O
del	O
mismo	O
,	O
la	O
[[Comisión]]	5
presentará	O
al	O
[[Parlamento_Europeo]]	2
y	O
al	O
[[Consejo]]	3
un	O
informe	O
sobre	O
la	O
aplicación	O
del	O
Acuerdo	O
.	O
[BREAK]	O
Sobre	O
la	O
base	O
del	O
informe	O
mencionado	O
en	O
el	O
artículo	O
2	O
bis	O
y	O
previa	O
consulta	O
al	O
[[Parlamento_Europeo]]	2
,	O
el	O
[[Consejo]]	3
conferirá	O
,	O
en	O
su	O
caso	O
,	O
a	O
la	O
[[Comisión]]	5
,	O
un	O
mandato	O
de	O
negociación	O
con	O
miras	O
a	O
la	O
adopción	O
de	O
un	O
nuevo	O
protocolo	O
.	O
[BREAK]	O
La	O
[[Comisión]]	5
informará	O
al	O
[[Parlamento_Europeo]]	2
y	O
al	O
[[Consejo]]	3
del	O
cumplimiento	O
del	O
programa	O
sectorial	O
plurianual	O
y	O
sus	O
disposiciones	O
de	O
aplicación	O
a	O
que	O
se	O
refiere	O
el	O
apartado	O
2	O
del	O
artículo	O
5	O
del	O
Protocolo	O
<DOC>
Resolución	O
legislativa	O
del	O
[[Parlamento_Europeo]]	2
,	O
de	O
25	O
de	O
octubre	O
de	O
2007	O
,	O
sobre	O
la	O
propuesta	O
de	O
Reglamento	O
del	O
[[Consejo]]	3
relativo	O
a	O
la	O
celebración	O
del	O
Acuerdo	O
de	O
asociación	O
en	O
el	O
sector	O
pesquero	O
entre	O
la	O
[[Comunidad_Europea]]	4
y	O
la	O
[[República_de_Mozambique]]	1
(	O
COM	O
(	O
2007	O
)	O
0472	O
--	O
C6-0284	O
/	O
2007	O
--	O
2007/0170	O
(	O
CNS	O
)	O
)	O
Visto	O
el	O
artículo	O
300	O
,	O
apartado	O
3	O
,	O
párrafo	O
primero	O
,	O
del	O
Tratado	O
CE	O
,	O
conforme	O
al	O
cual	O
ha	O
sido	O
consultado	O
por	O
el	O
[[Consejo]]	3
C6-0284	O
/	O
2007	O
)	O
,	O
Vistos	O
el	O
informe	O
de	O
la	O
[[Comisión_de_Pesca]]	O
y	O
las	O
opiniones	O
de	O
la	O
[[Comisión_de_Desarrollo]]	O
y	O
de	O
la	O
[[Comisión_de_Presupuestos]]	O
(	O
A6-0404	O
/	O
2007	O
)	O
,	O
Aprueba	O
la	O
propuesta	O
de	O
Reglamento	O
del	O
[[Consejo]]	3
en	O
su	O
versión	O
modificada	O
y	O
aprueba	O
la	O
celebración	O
del	O
Acuerdo	O
;	O
Encarga	O
a	O
su	O
[[Presidente]]	O
que	O
transmita	O
la	O
posición	O
del	O
[[Parlamento]]	5
al	O
[[Consejo]]	3
y	O
a	O
la	O
[[Comisión]]	6
,	O
así	O
como	O
a	O
los	O
[[Gobiernos]]	O
y	O
[[Parlamentos_de_los_Estados_miembros]]	O
y	O
de	O
la	O
[[República_de_Mozambique]]	1
.	O
[BREAK]	O
Texto	O
de	O
la	O
[[Comisión]]	6
Enmiendas	O
del	O
[[Parlamento]]	5
Enmienda	O
1	O
Considerando	O
2	O
bis	O
(	O
nuevo	O
)	O
La	O
contrapartida	O
financiera	O
de	O
la	O
[[Comunidad_Europea]]	4
debe	O
utilizarse	O
en	O
apoyo	O
del	O
desarrollo	O
de	O
las	O
poblaciones	O
costeras	O
que	O
viven	O
de	O
la	O
pesca	O
y	O
de	O
la	O
creación	O
de	O
pequeñas	O
empresas	O
industriales	O
de	O
transformación	O
y	O
congelación	O
del	O
pescado	O
a	O
escala	O
local	O
.	O
[BREAK]	O
Con	O
este	O
fin	O
,	O
la	O
[[Comisión]]	6
debe	O
transmitir	O
las	O
conclusiones	O
de	O
las	O
reuniones	O
de	O
la	O
comisión	O
mixta	O
mencionada	O
en	O
el	O
artículo	O
9	O
del	O
Acuerdo	O
.	O
[BREAK]	O
La	O
[[Comisión]]	6
informará	O
anualmente	O
al	O
[[Parlamento_Europeo]]	2
y	O
al	O
[[Consejo]]	3
de	O
los	O
resultados	O
del	O
programa	O
sectorial	O
plurianual	O
previsto	O
en	O
el	O
artículo	O
7	O
del	O
Protocolo	O
.	O
[BREAK]	O
La	O
[[Comisión]]	6
transmitirá	O
al	O
[[Parlamento_Europeo]]	2
las	O
conclusiones	O
de	O
las	O
reuniones	O
de	O
la	O
comisión	O
mixta	O
mencionada	O
en	O
el	O
artículo	O
9	O
del	O
Acuerdo	O
.	O
[BREAK]	O
Durante	O
el	O
último	O
año	O
de	O
validez	O
del	O
Protocolo	O
,	O
y	O
antes	O
de	O
que	O
se	O
celebre	O
otro	O
acuerdo	O
para	O
su	O
renovación	O
,	O
la	O
[[Comisión]]	6
presentará	O
al	O
[[Parlamento_Europeo]]	2
y	O
al	O
[[Consejo]]	3
un	O
informe	O
sobre	O
la	O
aplicación	O
del	O
Acuerdo	O
y	O
sobre	O
las	O
condiciones	O
en	O
que	O
se	O
ha	O
llevado	O
a	O
cabo	O
.	O
[BREAK]	O
Sobre	O
la	O
base	O
del	O
informe	O
contemplado	O
en	O
el	O
artículo	O
3	O
quáter	O
,	O
y	O
previa	O
consulta	O
al	O
[[Parlamento_Europeo]]	2
,	O
el	O
[[Consejo]]	3
conferirá	O
a	O
la	O
[[Comisión]]	6
,	O
en	O
su	O
caso	O
,	O
un	O
mandato	O
de	O
negociación	O
con	O
miras	O
a	O
la	O
aprobación	O
de	O
un	O
nuevo	O
Protocolo	O
<DOC>
Resolución	O
legislativa	O
del	O
[[Parlamento_Europeo]]	3
,	O
de	O
29	O
de	O
noviembre	O
de	O
2007	O
,	O
sobre	O
el	O
proyecto	O
de	O
Decisión	O
del	O
[[Consejo]]	4
por	O
la	O
que	O
se	O
modifica	O
el	O
Protocolo	O
del	O
Estatuto	O
del	O
[[Tribunal_de_Justicia]]	5
respecto	O
del	O
tratamiento	O
de	O
las	O
cuestiones	O
prejudiciales	O
relativas	O
al	O
espacio	O
de	O
libertad	O
,	O
seguridad	O
y	O
justicia	O
(	O
11824/2007	O
--	O
C6-0292	O
/	O
2007	O
--	O
2007/0812	O
(	O
CNS	O
)	O
)	O
Vistos	O
el	O
apartado	O
2	O
del	O
artículo	O
245	O
del	O
Tratado	O
CE	O
y	O
el	O
artículo	O
160	O
del	O
Tratado	O
Euratom	O
,	O
conforme	O
a	O
los	O
cuales	O
ha	O
sido	O
consultado	O
por	O
el	O
[[Consejo]]	4
(	O
C6-0292	O
/	O
2007	O
)	O
,	O
Pide	O
al	O
[[Consejo]]	4
que	O
le	O
informe	O
,	O
si	O
se	O
propone	O
apartarse	O
del	O
texto	O
aprobado	O
por	O
el	O
[[Parlamento]]	6
;	O
Pide	O
al	O
[[Consejo]]	4
que	O
le	O
consulte	O
de	O
nuevo	O
,	O
si	O
se	O
propone	O
modificar	O
sustancialmente	O
el	O
texto	O
objeto	O
de	O
la	O
consulta	O
;	O
Encarga	O
a	O
su	O
[[Presidente]]	1
que	O
transmita	O
la	O
posición	O
del	O
[[Parlamento]]	6
al	O
[[Consejo]]	4
,	O
a	O
la	O
[[Comisión]]	O
y	O
al	O
[[Tribunal_de_Justicia]]	5
.	O
[BREAK]	O
Decisión	O
del	O
[[Parlamento_Europeo]]	3
,	O
de	O
29	O
de	O
noviembre	O
de	O
2007	O
,	O
sobre	O
la	O
demanda	O
de	O
amparo	O
de	O
la	O
inmunidad	O
parlamentaria	O
y	O
los	O
privilegios	O
de	O
[[Renato_Brunetta]]	2
(	O
2007/2172	O
(	O
IMM	O
)	O
)	O
Vista	O
la	O
demanda	O
de	O
[[Renato_Brunetta]]	2
de	O
amparo	O
de	O
su	O
inmunidad	O
en	O
relación	O
con	O
un	O
procedimiento	O
civil	O
pendiente	O
ante	O
el	O
[[Tribunal_Civil_de_Milán]]	O
,	O
presentada	O
el	O
18	O
de	O
enero	O
de	O
2007	O
y	O
comunicada	O
en	O
el	O
Pleno	O
del	O
31	O
de	O
enero	O
de	O
2007	O
,	O
Tras	O
haber	O
oído	O
a	O
[[Renato_Brunetta]]	2
,	O
de	O
conformidad	O
con	O
el	O
artículo	O
7	O
,	O
apartado	O
3	O
,	O
de	O
su	O
Reglamento	O
,	O
Vistos	O
los	O
artículos	O
9	O
y	O
10	O
del	O
Protocolo	O
sobre	O
los	O
privilegios	O
y	O
las	O
inmunidades	O
de	O
las	O
[[Comunidades_Europeas]]	O
,	O
de	O
8	O
de	O
abril	O
de	O
1965	O
,	O
así	O
como	O
el	O
artículo	O
6	O
,	O
apartado	O
2	O
,	O
del	O
Acta	O
relativa	O
a	O
la	O
elección	O
de	O
los	O
diputados	O
al	O
[[Parlamento_Europeo]]	3
por	O
sufragio	O
universal	O
directo	O
,	O
de	O
20	O
de	O
septiembre	O
de	O
1976	O
,	O
Encarga	O
a	O
su	O
[[Presidente]]	1
que	O
transmita	O
inmediatamente	O
la	O
presente	O
Decisión	O
y	O
el	O
informe	O
de	O
su	O
comisión	O
competente	O
a	O
las	O
autoridades	O
pertinentes	O
de	O
la	O
[[República_Italiana]]	O
.	O
[BREAK]	O
Coordinación	O
de	O
determinadas	O
disposiciones	O
de	O
los	O
[[Estados_miembros]]	O
relativas	O
al	O
ejercicio	O
de	O
actividades	O
de	O
radiodifusión	O
televisiva	O
***	O
<DOC>
Resolución	O
legislativa	O
del	O
[[Parlamento_Europeo]]	1
,	O
de	O
17	O
de	O
junio	O
de	O
2008	O
,	O
sobre	O
la	O
propuesta	O
de	O
Decisión	O
del	O
[[Parlamento_Europeo]]	1
y	O
del	O
[[Consejo]]	2
relativa	O
al	O
Año	O
Europeo	O
de	O
Lucha	O
contra	O
la	O
Pobreza	O
y	O
la	O
Exclusión	O
Social	O
(	O
2010	O
)	O
(	O
COM	O
(	O
2007	O
)	O
0797	O
--	O
C6-0469	O
/	O
2007	O
--	O
2007/0278	O
(	O
COD	O
)	O
)	O
Vista	O
la	O
propuesta	O
de	O
la	O
[[Comisión]]	3
al	O
[[Parlamento_Europeo]]	1
y	O
al	O
[[Consejo]]	2
(	O
COM	O
(	O
2007	O
)	O
0797	O
)	O
,	O
Vistos	O
el	O
artículo	O
251	O
,	O
apartado	O
2	O
y	O
el	O
artículo	O
137	O
,	O
apartado	O
2	O
del	O
Tratado	O
CE	O
,	O
conforme	O
a	O
los	O
cuales	O
la	O
[[Comisión]]	3
le	O
ha	O
presentado	O
su	O
propuesta	O
(	O
C6-0469	O
/	O
2007	O
)	O
,	O
Vistos	O
el	O
informe	O
de	O
la	O
[[Comisión_de_Empleo_y_Asuntos_Sociales]]	O
y	O
la	O
opinión	O
de	O
la	O
[[Comisión_de_Derechos_de_la_Mujer_e_Igualdad_de_Género]]	O
(	O
A6-0173	O
/	O
2008	O
)	O
,	O
Pide	O
a	O
la	O
[[Comisión]]	3
que	O
le	O
consulte	O
de	O
nuevo	O
,	O
si	O
se	O
propone	O
modificar	O
sustancialmente	O
esta	O
propuesta	O
o	O
sustituirla	O
por	O
otro	O
texto	O
;	O
[[Encarga]]	O
a	O
su	O
[[Presidente]]	O
que	O
transmita	O
la	O
posición	O
del	O
[[Parlamento]]	1
al	O
[[Consejo]]	2
y	O
a	O
la	O
[[Comisión]]	3
.	O
[BREAK]	O
Posición	O
del	O
[[Parlamento_Europeo]]	1
adoptada	O
en	O
primera	O
lectura	O
el	O
17	O
de	O
junio	O
de	O
2008	O
con	O
vistas	O
a	O
la	O
adopción	O
de	O
la	O
Decisión	O
nº	O
...	O
/	O
2008/CE	O
del	O
[[Parlamento_Europeo]]	1
y	O
del	O
[[Consejo]]	2
relativa	O
al	O
Año	O
Europeo	O
de	O
Lucha	O
contra	O
la	O
Pobreza	O
y	O
la	O
Exclusión	O
Social	O
(	O
2010	O
)	O
La	O
[[Comisión]]	3
concede	O
la	O
mayor	O
importancia	O
a	O
que	O
se	O
facilite	O
y	O
apoye	O
una	O
amplia	O
participación	O
a	O
todos	O
los	O
niveles	O
en	O
las	O
actividades	O
relacionadas	O
con	O
el	O
Año	O
Europeo	O
de	O
Lucha	O
contra	O
la	O
Pobreza	O
y	O
la	O
Exclusión	O
Social	O
(	O
2010	O
)	O
como	O
medio	O
práctico	O
de	O
garantizar	O
que	O
su	O
repercusión	O
sea	O
positiva	O
y	O
duradera	O
.	O
[BREAK]	O
De	O
conformidad	O
con	O
la	O
Decisión	O
sobre	O
el	O
Año	O
Europeo	O
,	O
la	O
[[Comisión]]	3
elaborará	O
directrices	O
comunes	O
en	O
el	O
Documento	O
Marco	O
Estratégico	O
(	O
DME	O
)	O
que	O
establecerán	O
las	O
principales	O
prioridades	O
para	O
la	O
realización	O
de	O
las	O
actividades	O
relacionadas	O
con	O
el	O
Año	O
Europeo	O
,	O
en	O
particular	O
las	O
normas	O
mínimas	O
en	O
relación	O
con	O
la	O
participación	O
en	O
organismos	O
y	O
actividades	O
nacionales	O
El	O
DME	O
está	O
dirigido	O
a	O
los	O
[[Organismos_Nacionales_de_Ejecución]]	8
(	O
[[ONE]]	8
)	O
encargados	O
de	O
la	O
definición	O
de	O
los	O
programas	O
nacionales	O
para	O
el	O
Año	O
Europeo	O
y	O
de	O
seleccionar	O
acciones	O
concretas	O
que	O
se	O
propondrán	O
para	O
una	O
financiación	O
comunitaria	O
,	O
así	O
como	O
a	O
otros	O
actores	O
interesados	O
.	O
[BREAK]	O
En	O
este	O
contexto	O
,	O
la	O
[[Comisión]]	3
desea	O
destacar	O
la	O
importancia	O
de	O
facilitar	O
el	O
acceso	O
a	O
todas	O
las	O
[[ONG]]	O
,	O
incluidas	O
las	O
de	O
pequeño	O
y	O
mediano	O
tamaño	O
.	O
[BREAK]	O
A	O
fin	O
de	O
garantizar	O
el	O
más	O
amplio	O
acceso	O
posible	O
,	O
los	O
[[ONE]]	4
podrán	O
decidir	O
no	O
solicitar	O
cofinanciación	O
y	O
en	O
su	O
lugar	O
financiar	O
completamente	O
algunas	O
acciones	O
<DOC>
Resolución	O
legislativa	O
del	O
[[Parlamento_Europeo]]	10
,	O
de	O
8	O
de	O
julio	O
de	O
2008	O
,	O
sobre	O
la	O
propuesta	O
de	O
Decisión	O
del	O
[[Consejo]]	4
relativa	O
a	O
la	O
firma	O
de	O
un	O
Protocolo	O
entre	O
la	O
[[Comunidad_Europea]]	5
,	O
la	O
[[Confederación_Suiza]]	2
y	O
el	O
[[Principado_de_Liechtenstein]]	1
sobre	O
la	O
adhesión	O
del	O
[[Principado_de_Liechtenstein]]	1
al	O
Acuerdo	O
entre	O
la	O
[[Comunidad_Europea]]	5
y	O
la	O
[[Confederación_Suiza]]	2
sobre	O
los	O
criterios	O
y	O
mecanismos	O
para	O
determinar	O
el	O
[[Estado]]	7
responsable	O
del	O
examen	O
de	O
una	O
solicitud	O
de	O
asilo	O
presentada	O
en	O
un	O
[[Estado_miembro]]	7
o	O
en	O
[[Suiza]]	2
(	O
COM	O
(	O
2006	O
)	O
0754	O
--	O
C6-0090	O
/	O
2008	O
--	O
2006/0252	O
(	O
CNS	O
)	O
)	O
Visto	O
el	O
Protocolo	O
entre	O
la	O
[[Comunidad_Europea]]	5
,	O
la	O
[[Confederación_Suiza]]	2
y	O
el	O
[[Principado_de_Liechtenstein]]	1
sobre	O
la	O
adhesión	O
del	O
[[Principado_de_Liechtenstein]]	1
al	O
Acuerdo	O
entre	O
la	O
[[Comunidad_Europea]]	5
y	O
la	O
[[Confederación_Suiza]]	2
sobre	O
los	O
criterios	O
y	O
mecanismos	O
para	O
determinar	O
el	O
[[Estado]]	7
responsable	O
del	O
examen	O
de	O
una	O
solicitud	O
de	O
asilo	O
presentada	O
en	O
un	O
[[Estado_miembro]]	7
o	O
en	O
[[Suiza]]	2
,	O
Vistos	O
el	O
artículo	O
63	O
,	O
párrafo	O
primero	O
,	O
apartado	O
1	O
,	O
letra	O
a	O
)	O
,	O
y	O
el	O
artículo	O
300	O
,	O
apartado	O
2	O
,	O
párrafo	O
primero	O
,	O
del	O
Tratado	O
CE	O
,	O
Visto	O
el	O
artículo	O
300	O
,	O
apartado	O
3	O
,	O
párrafo	O
primero	O
,	O
del	O
Tratado	O
CE	O
,	O
conforme	O
al	O
cual	O
ha	O
sido	O
consultado	O
por	O
el	O
Consejo	O
(	O
C6-0090	O
/	O
2008	O
)	O
,	O
Vista	O
la	O
opinión	O
de	O
la	O
[[Comisión_de_Asuntos_Jurídicos]]	O
sobre	O
el	O
fundamento	O
jurídico	O
propuesto	O
,	O
Visto	O
el	O
informe	O
de	O
la	O
[[Comisión_de_Libertades_Civiles_,_Justicia_y_Asuntos_de_Interior]]	O
(	O
A6-0247	O
/	O
2008	O
)	O
,	O
Aprueba	O
la	O
propuesta	O
de	O
Decisión	O
del	O
[[Consejo]]	4
en	O
su	O
versión	O
modificada	O
y	O
aprueba	O
la	O
celebración	O
del	O
protocolo	O
;	O
Encarga	O
a	O
su	O
[[Presidente]]	O
que	O
transmita	O
la	O
posición	O
del	O
[[Parlamento]]	10
al	O
[[Consejo]]	4
y	O
a	O
la	O
[[Comisión]]	O
,	O
así	O
como	O
a	O
los	O
[[Gobiernos]]	O
y	O
[[Parlamentos_de_los_Estados_miembros]]	O
y	O
al	O
[[Gobierno]]	O
y	O
[[Parlamento_del_Principado_de_Liechtenstein]]	O
.	O
[BREAK]	O
Visto	O
el	O
Tratado	O
constitutivo	O
de	O
la	O
[[Comunidad_Europea]]	5
y	O
,	O
en	O
particular	O
,	O
su	O
artículo	O
63	O
,	O
apartado	O
1	O
,	O
letra	O
a	O
)	O
,	O
en	O
relación	O
con	O
su	O
artículo	O
300	O
,	O
apartado	O
2	O
,	O
párrafo	O
primero	O
,	O
primera	O
frase	O
,	O
y	O
su	O
artículo	O
300	O
,	O
apartado	O
3	O
,	O
párrafo	O
Protocolo	O
entre	O
la	O
[[CE]]	5
,	O
[[Suiza]]	2
y	O
[[Liechtenstein]]	1
al	O
Acuerdo	O
CE/Suiza	O
sobre	O
la	O
determinación	O
del	O
[[Estado]]	7
responsable	O
del	O
examen	O
de	O
una	O
solicitud	O
de	O
asilo	O
presentada	O
en	O
un	O
[[Estado_miembro]]	7
,	O
en	O
[[Suiza]]	2
o	O
en	O
[[Liechtenstein]]	1
<DOC>
Resolución	O
legislativa	O
del	O
[[Parlamento_Europeo]]	1
,	O
de	O
17	O
de	O
diciembre	O
de	O
2008	O
,	O
sobre	O
la	O
propuesta	O
de	O
Reglamento	O
del	O
[[Parlamento_Europeo]]	1
y	O
del	O
[[Consejo]]	2
por	O
el	O
que	O
se	O
establecen	O
normas	O
de	O
comportamiento	O
en	O
materia	O
de	O
emisiones	O
de	O
los	O
turismos	O
nuevos	O
como	O
parte	O
del	O
enfoque	O
integrado	O
de	O
la	O
[[Comunidad]]	3
para	O
reducir	O
las	O
emisiones	O
de	O
CO	O
Vista	O
la	O
propuesta	O
de	O
la	O
[[Comisión]]	4
al	O
[[Parlamento_Europeo]]	1
y	O
al	O
[[Consejo]]	2
(	O
COM	O
(	O
2007	O
)	O
0856	O
)	O
,	O
Vistos	O
el	O
artículo	O
251	O
,	O
apartado	O
2	O
,	O
y	O
el	O
artículo	O
95	O
del	O
Tratado	O
CE	O
,	O
conforme	O
a	O
los	O
cuales	O
la	O
[[Comisión]]	4
le	O
ha	O
presentado	O
su	O
propuesta	O
(	O
C6-0022	O
/	O
2008	O
)	O
,	O
Vista	O
la	O
opinión	O
de	O
la	O
[[Comisión_de_Asuntos_Jurídicos]]	O
sobre	O
el	O
fundamento	O
jurídico	O
propuesto	O
,	O
Vistos	O
el	O
informe	O
de	O
la	O
[[Comisión_de_Medio_Ambiente_,_Salud_Pública_y_Seguridad_Alimentaria]]	O
y	O
la	O
opinión	O
de	O
la	O
[[Comisión_de_Industria_,_Investigación_y_Energía]]	O
(	O
A6-0419	O
/	O
2008	O
)	O
,	O
Pide	O
a	O
la	O
[[Comisión]]	4
que	O
le	O
consulte	O
de	O
nuevo	O
,	O
si	O
se	O
propone	O
modificar	O
sustancialmente	O
esta	O
propuesta	O
o	O
sustituirla	O
por	O
otro	O
texto	O
;	O
Toma	O
nota	O
de	O
la	O
declaración	O
de	O
la	O
[[Comisión]]	4
que	O
figura	O
como	O
anexo	O
a	O
la	O
presente	O
Resolución	O
;	O
Encarga	O
a	O
su	O
[[Presidente]]	O
que	O
transmita	O
la	O
Posición	O
del	O
[[Parlamento]]	1
al	O
[[Consejo]]	2
y	O
a	O
la	O
[[Comisión]]	4
.	O
[BREAK]	O
Posición	O
del	O
[[Parlamento_Europeo]]	1
aprobada	O
en	O
primera	O
lectura	O
el	O
17	O
de	O
diciembre	O
de	O
2008	O
con	O
vistas	O
a	O
la	O
adopción	O
del	O
Reglamento	O
(	O
CE	O
)	O
nº	O
...	O
/	O
2009	O
del	O
[[Parlamento_Europeo]]	1
y	O
del	O
[[Consejo]]	2
por	O
el	O
que	O
se	O
establecen	O
normas	O
de	O
comportamiento	O
en	O
materia	O
de	O
emisiones	O
de	O
los	O
turismos	O
nuevos	O
como	O
parte	O
del	O
enfoque	O
integrado	O
de	O
la	O
[[Comunidad]]	3
para	O
reducir	O
las	O
emisiones	O
de	O
CO	O
(	O
Dado	O
que	O
el	O
[[Parlamento_Europeo]]	1
y	O
el	O
[[Consejo]]	2
llegaron	O
a	O
un	O
acuerdo	O
sobre	O
este	O
texto	O
,	O
el	O
tenor	O
de	O
la	O
posición	O
del	O
[[Parlamento]]	1
en	O
la	O
primera	O
lectura	O
coincide	O
con	O
el	O
acto	O
legislativo	O
final	O
,	O
el	O
Reglamento	O
nº	O
443/2009/CE	O
.	O
)	O
[BREAK]	O
La	O
[[Comisión]]	4
confirma	O
que	O
tiene	O
intención	O
de	O
proponer	O
en	O
2009	O
una	O
revisión	O
de	O
la	O
Directiva	O
1999/94/CE	O
relativa	O
a	O
la	O
información	O
al	O
consumidor	O
sobre	O
el	O
ahorro	O
de	O
combustible	O
y	O
las	O
emisiones	O
de	O
CO2	O
en	O
lo	O
que	O
se	O
refiere	O
a	O
la	O
comercialización	O
de	O
los	O
turismos	O
nuevos	O
.	O
[BREAK]	O
Debe	O
garantizarse	O
que	O
los	O
consumidores	O
reciban	O
la	O
información	O
apropiada	O
sobre	O
las	O
emisiones	O
de	O
CO2	O
de	O
los	O
turismos	O
nuevos	O
.	O
[BREAK]	O
La	O
[[Comisión]]	4
revisará	O
en	O
2010	O
la	O
Directiva	O
2007/46/CE	O
de	O
modo	O
que	O
la	O
presencia	O
de	O
tecnologías	O
innovadoras	O
(	O
innovaciones	O
ecológicas	O
)	O
en	O
un	O
vehículo	O
y	O
su	O
impacto	O
en	O
las	O
emisiones	O
específicas	O
de	O
CO2	O
del	O
mismo	O
puedan	O
comunicarse	O
a	O
las	O
autoridades	O
del	O
[[Estado_miembro]]	O
responsables	O
de	O
la	O
supervisión	O
e	O
información	O
de	O
conformidad	O
con	O
el	O
Reglamento	O
.	O
[BREAK]	O
La	O
[[Comisión]]	4
considerará	O
asimismo	O
la	O
preparación	O
y	O
ejecución	O
de	O
los	O
requisitos	O
para	O
que	O
los	O
vehículos	O
vayan	O
equipados	O
con	O
contadores	O
de	O
ahorro	O
de	O
combustible	O
como	O
medio	O
de	O
fomentar	O
un	O
consumo	O
más	O
eficiente	O
del	O
combustible	O
.	O
[BREAK]	O
En	O
este	O
contexto	O
,	O
la	O
[[Comisión]]	4
considerará	O
la	O
modificación	O
de	O
la	O
legislación	O
en	O
relación	O
con	O
el	O
marco	O
de	O
homologación	O
y	O
la	O
adopción	O
de	O
las	O
normas	O
técnicas	O
necesarias	O
para	O
2010	O
.	O
[BREAK]	O
No	O
obstante	O
,	O
la	O
[[Comisión]]	4
está	O
comprometida	O
con	O
los	O
objetivos	O
de	O
su	O
iniciativa	O
``	O
legislar	O
mejor	O
''	O
y	O
la	O
necesidad	O
de	O
que	O
sus	O
propuestas	O
se	O
basen	O
en	O
una	O
evaluación	O
completa	O
de	O
los	O
impactos	O
y	O
beneficios	O
.	O
[BREAK]	O
A	O
este	O
respecto	O
y	O
de	O
conformidad	O
con	O
el	O
Tratado	O
constitutivo	O
de	O
la	O
[[Comunidad_Europea]]	3
,	O
la	O
[[Comisión]]	4
seguirá	O
evaluando	O
la	O
necesidad	O
de	O
presentar	O
nuevas	O
propuestas	O
legislativas	O
pero	O
reservándose	O
el	O
derecho	O
a	O
decidir	O
si	O
es	O
preciso	O
presentar	O
nuevas	O
propuestas	O
y	O
en	O
qué	O
momento	O
<DOC>
Resolución	O
legislativa	O
del	O
[[Parlamento_Europeo]]	1
,	O
de	O
2	O
de	O
abril	O
de	O
2009	O
,	O
sobre	O
la	O
propuesta	O
de	O
Reglamento	O
del	O
[[Parlamento_Europeo]]	1
y	O
del	O
[[Consejo]]	2
relativo	O
a	O
un	O
sistema	O
de	O
etiqueta	O
ecológica	O
comunitaria	O
(	O
COM	O
(	O
2008	O
)	O
0401	O
--	O
C6-0279	O
/	O
2008	O
--	O
2008/0152	O
(	O
COD	O
)	O
)	O
Vista	O
la	O
propuesta	O
de	O
la	O
[[Comisión]]	3
al	O
[[Parlamento_Europeo]]	1
y	O
al	O
[[Consejo]]	2
(	O
COM	O
(	O
2008	O
)	O
0401	O
)	O
,	O
Vistos	O
el	O
artículo	O
251	O
,	O
apartado	O
2	O
,	O
y	O
el	O
artículo	O
175	O
,	O
apartado	O
1	O
,	O
del	O
Tratado	O
CE	O
,	O
conforme	O
a	O
los	O
cuales	O
la	O
[[Comisión]]	3
le	O
ha	O
presentado	O
su	O
propuesta	O
(	O
C6-0279	O
/	O
2008	O
)	O
,	O
Vistos	O
el	O
informe	O
de	O
la	O
[[Comisión_de_Medio_Ambiente_,_Salud_Pública_y_Seguridad_Alimentaria]]	O
y	O
las	O
opiniones	O
de	O
la	O
[[Comisión_de_Industria_,_Investigación_y_Energía]]	O
y	O
de	O
la	O
[[Comisión_de_Mercado_Interior_y_Protección_del_Consumidor]]	O
(	O
A6-0105	O
/	O
2009	O
)	O
,	O
Pide	O
a	O
la	O
[[Comisión]]	3
que	O
le	O
consulte	O
de	O
nuevo	O
,	O
si	O
se	O
propone	O
modificar	O
sustancialmente	O
esta	O
propuesta	O
o	O
sustituirla	O
por	O
otro	O
texto	O
;	O
Encarga	O
a	O
su	O
[[Presidente]]	O
que	O
transmita	O
la	O
Posición	O
del	O
[[Parlamento]]	1
al	O
[[Consejo]]	2
y	O
a	O
la	O
[[Comisión]]	3
.	O
[BREAK]	O
Posición	O
del	O
[[Parlamento_Europeo]]	1
aprobada	O
en	O
primera	O
lectura	O
el	O
2	O
de	O
abril	O
de	O
2009	O
con	O
vistas	O
a	O
la	O
adopción	O
del	O
Reglamento	O
(	O
CE	O
)	O
nº	O
...	O
/	O
2009	O
del	O
[[Parlamento_Europeo]]	1
y	O
del	O
[[Consejo]]	2
relativo	O
a	O
la	O
etiqueta	O
ecológica	O
de	O
la	O
[[UE]]	O
(	O
Dado	O
que	O
el	O
[[Parlamento_Europeo]]	1
y	O
el	O
[[Consejo]]	2
llegaron	O
a	O
un	O
acuerdo	O
sobre	O
este	O
texto	O
,	O
el	O
tenor	O
de	O
la	O
posición	O
del	O
[[Parlamento]]	1
en	O
la	O
primera	O
lectura	O
coincide	O
con	O
el	O
acto	O
legislativo	O
final	O
,	O
el	O
Reglamento	O
(	O
CE	O
)	O
nº	O
...	O
.	O
)	O
[BREAK]	O
Con	O
independencia	O
de	O
la	O
adopción	O
del	O
Reglamento	O
sobre	O
la	O
etiqueta	O
ecológica	O
,	O
la	O
[[Comisión]]	3
confirma	O
que	O
tiene	O
intención	O
de	O
proponer	O
un	O
Reglamento	O
relativo	O
al	O
etiquetado	O
ecológico	O
de	O
los	O
productos	O
de	O
la	O
pesca	O
,	O
antes	O
de	O
que	O
finalice	O
el	O
año	O
en	O
curso	O
,	O
Reglamento	O
que	O
se	O
basará	O
principalmente	O
en	O
los	O
criterios	O
para	O
la	O
pesca	O
sostenible	O
.	O
[BREAK]	O
El	O
estudio	O
contemplado	O
en	O
el	O
artículo	O
6	O
,	O
apartado	O
6	O
,	O
del	O
Reglamento	O
sobre	O
la	O
etiqueta	O
ecológica	O
,	O
relativo	O
a	O
los	O
aspectos	O
adicionales	O
como	O
la	O
transformación	O
,	O
el	O
preenvasado	O
,	O
el	O
envasado	O
y	O
el	O
transporte	O
,	O
estudio	O
que	O
examinará	O
la	O
viabilidad	O
de	O
ampliar	O
el	O
ámbito	O
de	O
aplicación	O
del	O
Reglamento	O
sobre	O
la	O
etiqueta	O
ecológica	O
a	O
los	O
productos	O
alimenticios	O
,	O
incluidos	O
los	O
de	O
la	O
pesca	O
y	O
de	O
la	O
acuicultura	O
,	O
no	O
influirá	O
en	O
la	O
adopción	O
del	O
presente	O
Reglamento	O
ni	O
la	O
prejuzgará	O
<DOC>
Resolución	O
legislativa	O
del	O
[[Parlamento_Europeo]]	1
,	O
de	O
16	O
de	O
junio	O
de	O
2010	O
,	O
sobre	O
la	O
propuesta	O
de	O
Reglamento	O
del	O
[[Parlamento_Europeo]]	1
y	O
del	O
[[Consejo]]	2
por	O
el	O
que	O
se	O
modifica	O
el	O
Reglamento	O
(	O
CE	O
)	O
nº	O
1321/2004	O
relativo	O
a	O
las	O
estructuras	O
de	O
gestión	O
del	O
programa	O
europeo	O
de	O
radionavegación	O
por	O
satélite	O
(	O
COM	O
(	O
2009	O
)	O
0139	O
--	O
C7-0103	O
/	O
2009	O
--	O
2009/0047	O
(	O
COD	O
)	O
)	O
Vista	O
la	O
propuesta	O
de	O
la	O
[[Comisión]]	3
al	O
[[Parlamento]]	1
y	O
al	O
[[Consejo]]	2
(	O
COM	O
(	O
2009	O
)	O
0139	O
)	O
,	O
Vistos	O
el	O
artículo	O
251	O
,	O
apartado	O
2	O
,	O
y	O
el	O
artículo	O
156	O
del	O
Tratado	O
CE	O
,	O
conforme	O
a	O
los	O
cuales	O
la	O
[[Comisión]]	3
le	O
ha	O
presentado	O
su	O
propuesta	O
(	O
C7-0103	O
/	O
2009	O
)	O
,	O
Vista	O
la	O
Comunicación	O
de	O
la	O
[[Comisión]]	3
al	O
[[Parlamento]]	1
y	O
al	O
[[Consejo]]	2
titulada	O
'	O
Consecuencias	O
de	O
la	O
entrada	O
en	O
vigor	O
del	O
Tratado	O
de	O
[[Lisboa]]	O
sobre	O
los	O
procedimientos	O
interinstitucionales	O
de	O
toma	O
de	O
decisiones	O
en	O
curso	O
'	O
(	O
COM	O
(	O
2009	O
)	O
0665	O
)	O
,	O
Vistos	O
el	O
artículo	O
294	O
,	O
apartado	O
3	O
,	O
y	O
el	O
artículo	O
172	O
del	O
Tratado	O
de	O
Funcionamiento	O
de	O
la	O
[[Unión_Europea]]	O
,	O
Vistos	O
el	O
informe	O
de	O
la	O
[[Comisión_de_Industria_,_Investigación_y_Energía]]	O
,	O
y	O
la	O
opinión	O
de	O
la	O
[[Comisión_de_Presupuestos]]	O
(	O
A7-0160	O
/	O
2010	O
)	O
,	O
Pide	O
a	O
la	O
[[Comisión]]	3
que	O
le	O
consulte	O
de	O
nuevo	O
si	O
se	O
propone	O
modificar	O
sustancialmente	O
su	O
propuesta	O
o	O
sustituirla	O
por	O
otro	O
texto	O
;	O
Encarga	O
a	O
su	O
[[Presidente]]	O
que	O
transmita	O
la	O
Posición	O
del	O
[[Parlamento]]	1
al	O
[[Consejo]]	2
,	O
a	O
la	O
[[Comisión]]	3
y	O
a	O
los	O
[[Parlamentos_nacionales]]	O
.	O
[BREAK]	O
Posición	O
del	O
[[Parlamento_Europeo]]	1
aprobada	O
en	O
primera	O
lectura	O
el	O
16	O
de	O
junio	O
de	O
2010	O
con	O
vistas	O
a	O
la	O
adopción	O
del	O
Reglamento	O
(	O
UE	O
)	O
n	O
°	O
...	O
/	O
2010	O
del	O
[[Parlamento_Europeo]]	1
y	O
del	O
[[Consejo]]	2
por	O
el	O
que	O
se	O
crea	O
la	O
[[Agencia_del_GNSS_Europeo]]	O
,	O
se	O
deroga	O
el	O
Reglamento	O
(	O
CE	O
)	O
nº	O
1321/2004	O
del	O
[[Consejo]]	2
,	O
relativo	O
a	O
las	O
estructuras	O
de	O
gestión	O
del	O
programa	O
europeo	O
de	O
radionavegación	O
por	O
satélite	O
,	O
y	O
se	O
modifica	O
el	O
Reglamento	O
(	O
CE	O
)	O
nº	O
683/2008	O
(	O
Dado	O
que	O
el	O
[[Parlamento_Europeo]]	1
y	O
el	O
[[Consejo]]	2
llegaron	O
a	O
un	O
acuerdo	O
sobre	O
este	O
texto	O
,	O
el	O
tenor	O
de	O
la	O
posición	O
del	O
[[Parlamento]]	1
coincide	O
con	O
el	O
acto	O
legislativo	O
final	O
,	O
Reglamento	O
(	O
UE	O
)	O
n	O
°	O
912/2010	O
.	O
<DOC>
Resolución	O
legislativa	O
del	O
[[Parlamento_Europeo]]	1
,	O
de	O
22	O
de	O
septiembre	O
de	O
2010	O
,	O
sobre	O
la	O
propuesta	O
de	O
Reglamento	O
del	O
[[Parlamento_Europeo]]	1
y	O
del	O
[[Consejo]]	2
relativo	O
a	O
la	O
supervisión	O
macroprudencial	O
comunitaria	O
del	O
sistema	O
financiero	O
y	O
por	O
el	O
que	O
se	O
crea	O
una	O
[[Junta_Europea_de_Riesgo_Sistémico]]	3
(	O
COM	O
(	O
2009	O
)	O
0499	O
--	O
C7-0166	O
/	O
2009	O
--	O
2009/0140	O
(	O
COD	O
)	O
)	O
Vista	O
la	O
propuesta	O
de	O
la	O
[[Comisión]]	4
al	O
[[Parlamento_Europeo]]	1
y	O
al	O
[[Consejo]]	2
(	O
COM	O
(	O
2009	O
)	O
0499	O
)	O
,	O
Vistos	O
el	O
artículo	O
251	O
,	O
apartado	O
2	O
,	O
y	O
el	O
artículo	O
95	O
del	O
Tratado	O
CE	O
,	O
conforme	O
a	O
los	O
cuales	O
la	O
[[Comisión]]	4
le	O
ha	O
presentado	O
su	O
propuesta	O
(	O
C7-0166	O
/	O
2009	O
)	O
,	O
Vista	O
la	O
Comunicación	O
de	O
la	O
[[Comisión]]	4
al	O
[[Parlamento_Europeo]]	1
y	O
al	O
[[Consejo]]	2
titulada	O
``	O
Consecuencias	O
de	O
la	O
entrada	O
en	O
vigor	O
del	O
Tratado	O
de	O
[[Lisboa]]	O
sobre	O
los	O
procedimientos	O
interinstitucionales	O
de	O
toma	O
de	O
decisiones	O
en	O
curso	O
''	O
(	O
COM	O
(	O
2009	O
)	O
0665	O
)	O
,	O
Vistos	O
el	O
artículo	O
294	O
,	O
apartado	O
3	O
,	O
y	O
el	O
artículo	O
114	O
del	O
Tratado	O
de	O
Funcionamiento	O
de	O
la	O
[[Unión_Europea]]	5
,	O
Visto	O
el	O
dictamen	O
del	O
[[Comité_Económico_y_Social_Europeo]]	O
de	O
22	O
de	O
enero	O
de	O
2010	O
Pendiente	O
de	O
publicación	O
en	O
el	O
Diario	O
Oficial	O
.	O
[BREAK]	O
Visto	O
el	O
compromiso	O
asumido	O
por	O
el	O
representante	O
del	O
[[Consejo]]	2
,	O
mediante	O
carta	O
de	O
15	O
de	O
septiembre	O
de	O
2010	O
,	O
de	O
aprobar	O
la	O
posición	O
del	O
[[Parlamento_Europeo]]	1
,	O
de	O
conformidad	O
con	O
el	O
artículo	O
294	O
,	O
apartado	O
4	O
,	O
del	O
Tratado	O
de	O
Funcionamiento	O
de	O
la	O
[[Unión_Europea]]	5
,	O
Vistos	O
el	O
informe	O
de	O
la	O
[[Comisión_de_Asuntos_Económicos_y_Monetarios]]	O
y	O
las	O
opiniones	O
de	O
la	O
[[Comisión_de_Asuntos_Jurídicos]]	O
y	O
de	O
la	O
[[Comisión_de_Asuntos_Constitucionales]]	O
(	O
A7-0168	O
/	O
2010	O
)	O
,	O
Aprueba	O
la	O
posición	O
en	O
primera	O
lectura	O
que	O
figura	O
a	O
continuación	O
Esta	O
posición	O
sustituye	O
a	O
las	O
enmiendas	O
adoptadas	O
el	O
7	O
de	O
julio	O
de	O
2010	O
(	O
Textos	O
Aprobados	O
,	O
P7_TA	O
(	O
2010	O
)	O
0271	O
)	O
.	O
[BREAK]	O
Pide	O
a	O
la	O
[[Comisión]]	4
que	O
le	O
consulte	O
de	O
nuevo	O
si	O
se	O
propone	O
modificar	O
sustancialmente	O
su	O
propuesta	O
o	O
sustituirla	O
por	O
otro	O
texto	O
;	O
Encarga	O
a	O
su	O
[[Presidente]]	O
que	O
transmita	O
la	O
Posición	O
del	O
[[Parlamento]]	1
al	O
[[Consejo]]	2
,	O
a	O
la	O
[[Comisión]]	4
y	O
a	O
los	O
[[Parlamentos_nacionales]]	O
.	O
[BREAK]	O
Posición	O
del	O
[[Parlamento_Europeo]]	1
aprobada	O
en	O
primera	O
lectura	O
el	O
22	O
de	O
septiembre	O
de	O
2010	O
con	O
vistas	O
a	O
la	O
adopción	O
del	O
Reglamento	O
(	O
UE	O
)	O
nº	O
...	O
/	O
2010	O
del	O
[[Parlamento_Europeo]]	1
y	O
del	O
[[Consejo]]	2
de	O
la	O
[[Unión_Europea]]	5
relativo	O
a	O
la	O
supervisión	O
macroprudencial	O
del	O
sistema	O
financiero	O
en	O
la	O
[[Unión_Europea]]	5
y	O
por	O
el	O
que	O
se	O
crea	O
una	O
[[Junta_Europea_de_Riesgo_Sistémico]]	3
(	O
Dado	O
que	O
el	O
[[Parlamento_Europeo]]	1
y	O
el	O
[[Consejo]]	2
llegaron	O
a	O
un	O
acuerdo	O
sobre	O
este	O
texto	O
,	O
el	O
tenor	O
de	O
la	O
posición	O
del	O
[[Parlamento]]	1
coincide	O
con	O
el	O
acto	O
legislativo	O
final	O
,	O
el	O
Reglamento	O
(	O
UE	O
)	O
n	O
°	O
1092/2010	O
.	O
)	O
[BREAK]	O
Facultades	O
de	O
la	O
[[Autoridad_Europea_de_Supervisión]]	7
(	O
[[Autoridad_Bancaria_Europea]]	O
)	O
,	O
la	O
[[Autoridad_Europea_de_Supervisión]]	7
(	O
[[Autoridad_Europea_de_Seguros_y_Pensiones_de_Jubilación]]	O
)	O
y	O
la	O
[[Autoridad_Europea_de_Supervisión]]	7
(	O
[[Autoridad_Europea_de_Valores_y_Mercados]]	O
***	O
<DOC>
Resolución	O
legislativa	O
del	O
[[Parlamento_Europeo]]	1
,	O
de	O
23	O
de	O
noviembre	O
de	O
2010	O
,	O
sobre	O
la	O
propuesta	O
de	O
Reglamento	O
del	O
[[Parlamento_Europeo]]	1
y	O
del	O
[[Consejo]]	2
por	O
el	O
que	O
se	O
establece	O
una	O
franquicia	O
arancelaria	O
respecto	O
a	O
determinados	O
principios	O
activos	O
de	O
productos	O
farmacéuticos	O
con	O
una	O
``	O
denominación	O
común	O
internacional	O
''	O
(	O
DCI	O
)	O
de	O
la	O
[[Organización_Mundial_de_la_Salud]]	3
y	O
a	O
ciertas	O
sustancias	O
utilizadas	O
para	O
la	O
elaboración	O
de	O
productos	O
farmacéuticos	O
acabados	O
,	O
y	O
por	O
el	O
que	O
se	O
modifica	O
el	O
anexo	O
I	O
del	O
Reglamento	O
(	O
CEE	O
)	O
nº	O
2658/87	O
(	O
COM	O
(	O
2010	O
)	O
0397	O
--	O
C7-0193	O
/	O
2010	O
--	O
2010/0214	O
(	O
COD	O
)	O
)	O
Vistos	O
el	O
artículo	O
294	O
,	O
apartado	O
2	O
,	O
y	O
el	O
artículo	O
207	O
del	O
Tratado	O
de	O
Funcionamiento	O
de	O
la	O
[[Unión_Europea]]	4
,	O
conforme	O
a	O
los	O
cuales	O
la	O
[[Comisión]]	5
le	O
ha	O
presentado	O
su	O
propuesta	O
al	O
[[Parlamento]]	1
(	O
C7-0193	O
/	O
2010	O
)	O
,	O
Visto	O
el	O
artículo	O
294	O
,	O
apartado	O
3	O
,	O
del	O
Tratado	O
de	O
Funcionamiento	O
de	O
la	O
[[Unión_Europea]]	4
,	O
Visto	O
el	O
informe	O
de	O
la	O
[[Comisión_de_Comercio_Internacional]]	O
(	O
A7-0316	O
/	O
2010	O
)	O
,	O
Pide	O
a	O
la	O
[[Comisión]]	5
que	O
le	O
consulte	O
de	O
nuevo	O
si	O
se	O
propone	O
modificar	O
sustancialmente	O
esta	O
propuesta	O
o	O
sustituirla	O
por	O
otro	O
texto	O
;	O
Encarga	O
a	O
su	O
[[Presidente]]	O
que	O
transmita	O
la	O
Posición	O
del	O
[[Parlamento]]	1
al	O
[[Consejo]]	2
,	O
a	O
la	O
[[Comisión]]	5
y	O
a	O
los	O
[[Parlamentos_nacionales]]	O
.	O
[BREAK]	O
Posición	O
del	O
[[Parlamento_Europeo]]	1
aprobada	O
en	O
primera	O
lectura	O
el	O
23	O
de	O
noviembre	O
de	O
2010	O
con	O
vistas	O
a	O
la	O
adopción	O
del	O
Reglamento	O
(	O
UE	O
)	O
nº	O
...	O
/	O
2010	O
del	O
[[Parlamento_Europeo]]	1
y	O
del	O
[[Consejo]]	2
por	O
el	O
que	O
se	O
modifica	O
el	O
anexo	O
I	O
del	O
Reglamento	O
(	O
CEE	O
)	O
nº	O
2658/87	O
del	O
[[Consejo]]	2
en	O
lo	O
que	O
se	O
refiere	O
al	O
establecimiento	O
de	O
una	O
franquicia	O
arancelaria	O
para	O
determinados	O
principios	O
activos	O
de	O
productos	O
farmacéuticos	O
con	O
``	O
Denominación	O
Común	O
Internacional	O
''	O
(	O
DCI	O
)	O
de	O
la	O
[[Organización_Mundial_de_la_Salud]]	3
y	O
determinadas	O
sustancias	O
utilizadas	O
en	O
la	O
elaboración	O
de	O
productos	O
farmacéuticos	O
acabados	O
(	O
Dado	O
que	O
el	O
[[Parlamento_Europeo]]	1
y	O
el	O
[[Consejo]]	2
llegaron	O
a	O
un	O
acuerdo	O
sobre	O
este	O
texto	O
,	O
el	O
tenor	O
de	O
la	O
posición	O
del	O
[[Parlamento]]	1
coincide	O
con	O
el	O
acto	O
legislativo	O
final	O
,	O
el	O
Reglamento	O
(	O
UE	O
)	O
n	O
°	O
1238/2010	O
.	O
<DOC>
Resolución	O
legislativa	O
del	O
[[Parlamento_Europeo]]	2
,	O
de	O
15	O
de	O
febrero	O
de	O
2012	O
,	O
sobre	O
la	O
Posición	O
del	O
[[Consejo]]	3
en	O
primera	O
lectura	O
con	O
vistas	O
a	O
la	O
adopción	O
del	O
Reglamento	O
del	O
[[Parlamento_Europeo]]	2
y	O
del	O
[[Consejo]]	3
que	O
modifica	O
los	O
Reglamentos	O
(	O
CE	O
)	O
n	O
°	O
1290/2005	O
y	O
(	O
CE	O
)	O
n	O
°	O
1234/2007	O
del	O
[[Consejo]]	3
en	O
lo	O
que	O
respecta	O
a	O
la	O
distribución	O
de	O
alimentos	O
a	O
las	O
personas	O
más	O
necesitadas	O
de	O
la	O
[[Unión]]	6
(	O
18733/1/2011	O
--	O
C7-0022	O
/	O
2012	O
--	O
2008/0183	O
(	O
COD	O
)	O
)	O
Vista	O
la	O
Posición	O
del	O
[[Consejo]]	3
en	O
primera	O
lectura	O
(	O
18733/1/2011	O
--	O
C7-0022	O
/	O
2012	O
)	O
,	O
Vistos	O
los	O
dictámenes	O
motivados	O
presentados	O
,	O
en	O
el	O
marco	O
del	O
Protocolo	O
(	O
n	O
°	O
2	O
)	O
sobre	O
la	O
aplicación	O
de	O
los	O
principios	O
de	O
subsidiariedad	O
y	O
proporcionalidad	O
,	O
por	O
el	O
[[Parlamento]]	2
danés	O
,	O
el	O
[[Parlamento_sueco]]	4
y	O
la	O
[[Cámara_de_los_Lores_del_Reino_Unido]]	O
,	O
en	O
los	O
que	O
se	O
afirma	O
que	O
el	O
proyecto	O
de	O
acto	O
legislativo	O
no	O
respeta	O
el	O
principio	O
de	O
subsidiariedad	O
,	O
Vistos	O
los	O
dictámenes	O
del	O
[[Comité_Económico_y_Social_Europeo]]	O
,	O
de	O
20	O
de	O
enero	O
de	O
2011	O
DO	O
C	O
84	O
de	O
17	O
.	O
[BREAK]	O
3	O
.	O
[BREAK]	O
2011	O
,	O
p	O
.	O
[BREAK]	O
49	O
.	O
[BREAK]	O
Vista	O
su	O
Resolución	O
,	O
de	O
5	O
de	O
mayo	O
de	O
2010	O
,	O
sobre	O
las	O
consecuencias	O
de	O
la	O
entrada	O
en	O
vigor	O
del	O
Tratado	O
de	O
[[Lisboa]]	O
sobre	O
los	O
procedimientos	O
interinstitucionales	O
de	O
toma	O
de	O
decisiones	O
en	O
curso	O
(	O
COM	O
(	O
2009	O
)	O
0665	O
)	O
--	O
Vista	O
la	O
propuesta	O
modificada	O
de	O
la	O
[[Comisión]]	5
(	O
COM	O
(	O
2010	O
)	O
0486	O
)	O
y	O
(	O
COM	O
(	O
2011	O
)	O
0634	O
)	O
,	O
Visto	O
el	O
artículo	O
294	O
,	O
apartado	O
7	O
,	O
del	O
Tratado	O
de	O
Funcionamiento	O
de	O
la	O
[[Unión_Europea]]	6
,	O
Vista	O
la	O
recomendación	O
para	O
la	O
segunda	O
lectura	O
de	O
la	O
[[Comisión_de_Agricultura_y_Desarrollo_Rural]]	O
(	O
A7-0032	O
/	O
2012	O
)	O
,	O
Encarga	O
a	O
su	O
[[Presidente]]	1
que	O
firme	O
el	O
acto	O
,	O
conjuntamente	O
con	O
el	O
[[Presidente_del_Consejo]]	1
,	O
de	O
conformidad	O
con	O
el	O
artículo	O
297	O
,	O
apartado	O
1	O
,	O
del	O
Tratado	O
de	O
Funcionamiento	O
de	O
la	O
[[Unión_Europea]]	6
;	O
Encarga	O
a	O
su	O
[[Presidente]]	1
que	O
transmita	O
la	O
Posición	O
del	O
[[Parlamento]]	2
al	O
[[Consejo]]	3
y	O
a	O
la	O
[[Comisión]]	5
,	O
así	O
como	O
a	O
los	O
